variant,seed,generation,evaluations,best_fitness,mean_fitness,std_fitness,worst_fitness,best_body_size
mutation_only,0,0,50,18.72736184954957,20.791370676137408,0.9392805008382156,22.99722114972099,21
mutation_only,0,1,100,16.214944167960986,19.015811583213893,1.0615896285704793,20.109975124224178,17
mutation_only,0,2,150,15.033907960581372,17.420897598825107,0.8629752949510354,18.710844001658266,15
mutation_only,0,3,200,14.520465053408525,16.323555624120473,0.49504689428450444,17.053503525729667,15
mutation_only,0,4,250,14.520465053408525,15.751908271152626,0.513958454312964,16.37840487520902,15
mutation_only,0,5,300,14.303329637837292,15.190775078211944,0.38873902034751134,15.683294573433784,15
mutation_only,0,6,350,13.953720459187963,14.793495974788684,0.3103825622078058,15.204834939252004,12
mutation_only,0,7,400,13.63469899493758,14.477951825182613,0.31477588445649596,14.891924966748062,12
mutation_only,0,8,450,13.423538406167134,14.221815253492903,0.2966443330362135,14.580243893371346,13
mutation_only,0,9,500,13.423538406167134,14.032705229186902,0.22873124151572466,14.330950643030008,13
mutation_only,0,10,550,13.423538406167134,13.867339843738502,0.1645080305027875,14.137715508089904,13
mutation_only,0,11,600,13.1431676725155,13.749269397512537,0.1873192087416366,13.953720459187963,12
mutation_only,0,12,650,13.1431676725155,13.68339410772723,0.15387765964485947,13.867156809750927,12
mutation_only,0,13,700,13.1431676725155,13.629283198585986,0.13939176488778876,13.78806130178211,12
mutation_only,0,14,750,13.1431676725155,13.622907999598244,0.13576078933258465,13.772077843177478,12
mutation_only,0,15,800,13.1431676725155,13.587226777790672,0.12799819004467444,13.756465996625053,12
mutation_only,0,16,850,13.105547008526779,13.497177806547137,0.1485522865245995,13.664582518894846,12
mutation_only,0,17,900,12.707130750570547,13.426515455582788,0.16844927463345055,13.588435821108957,11
mutation_only,0,18,950,12.707130750570547,13.355364328293204,0.19937907216205686,13.549285568453591,11
mutation_only,0,19,1000,12.707130750570547,13.31474626833305,0.19805871527059107,13.51657508881031,11
mutation_only,0,20,1050,12.707130750570547,13.26383529486717,0.18724706092809548,13.467670500619608,11
mutation_only,0,21,1100,12.707130750570547,13.190916602011677,0.1828176045926652,13.420465053408524,11
mutation_only,0,22,1150,12.461324772583616,13.11590560352426,0.18166769874368166,13.323790007724451,12
mutation_only,0,23,1200,12.461324772583616,13.049517232463677,0.1615201650343979,13.260681686165901,12
mutation_only,0,24,1250,12.461324772583616,13.038879023772159,0.1565270514668108,13.227566688249707,12
mutation_only,0,25,1300,12.461324772583616,13.000804606771531,0.14834875251711233,13.16468827043885,12
mutation_only,0,26,1350,12.461324772583616,12.95057863577621,0.14213211020667324,13.105547008526779,12
mutation_only,0,27,1400,12.461324772583616,12.932995605255623,0.14044134105930225,13.093468988235944,12
mutation_only,0,28,1450,12.336229149573722,12.89840472682059,0.15145603659057136,13.093468988235944,12
mutation_only,0,29,1500,12.30384048104053,12.84054266825437,0.16638320472797857,13.030727575266251,12
mutation_only,0,30,1550,12.292838827718413,12.796866034392867,0.17574572188757684,12.983266665599967,12
mutation_only,0,31,1600,12.292838827718413,12.749410270539874,0.17096266223985587,12.953720459187963,12
mutation_only,0,32,1650,12.257583690279022,12.70017891614102,0.17474768319770287,12.891153452528776,12
mutation_only,0,33,1700,12.257583690279022,12.672784197741278,0.1628938895436994,12.85870331449229,12
mutation_only,0,34,1750,12.257583690279022,12.642180237950464,0.15565885627677856,12.839607805437115,12
mutation_only,0,35,1800,12.257583690279022,12.617955274339163,0.1428926316171684,12.82828568570857,12
mutation_only,0,36,1850,12.257583690279022,12.557725709676498,0.12868153726214787,12.707130750570547,12
mutation_only,0,37,1900,12.257583690279022,12.532859356390071,0.1305701961988681,12.70332963783729,12
mutation_only,0,38,1950,12.257583690279022,12.515512803537854,0.12194309615971469,12.660107523773828,12
mutation_only,0,39,2000,12.257583690279022,12.494926116551651,0.12408588452644269,12.6431676725155,12
mutation_only,0,40,2050,12.112403840463596,12.463563510990843,0.1314760786173367,12.605547008526779,13
mutation_only,0,41,2100,12.112403840463596,12.455139821080644,0.12875143143836068,12.6,13
mutation_only,0,42,2150,12.112403840463596,12.437062438918653,0.12663110215956608,12.6,13
mutation_only,0,43,2200,12.112403840463596,12.414373201788974,0.12337608762712371,12.581138830084189,13
mutation_only,0,44,2250,12.112403840463596,12.374837774173976,0.10951321018141148,12.555294535724686,13
mutation_only,0,45,2300,12.112403840463596,12.364779611986608,0.10387981272300639,12.555294535724686,13
mutation_only,0,46,2350,12.112403840463596,12.33469859150617,0.08951901929523781,12.492838827718412,13
mutation_only,0,47,2400,12.112403840463596,12.31063489764694,0.0649970300706495,12.491153452528778,13
mutation_only,0,48,2450,12.112403840463596,12.309096099843826,0.0615229862890495,12.461324772583616,13
mutation_only,0,49,2500,12.112403840463596,12.298900009621473,0.04802231358447989,12.378404875209021,13
mutation_only,0,50,2550,12.112403840463596,12.28656975240474,0.03867782065669037,12.36287388383278,13
mutation_only,0,51,2600,12.112403840463596,12.279717385157987,0.0362031581225616,12.336229149573722,13
mutation_only,0,52,2650,12.112403840463596,12.277750195760444,0.03487026162720115,12.336229149573722,13
mutation_only,0,53,2700,12.112403840463596,12.272645301824364,0.03281274370795654,12.30384048104053,13
mutation_only,0,54,2750,12.112403840463596,12.267511963553547,0.03540950195377976,12.30384048104053,13
mutation_only,0,55,2800,12.112403840463596,12.256206708998493,0.04673299776621601,12.30384048104053,13
mutation_only,0,56,2850,12.112403840463596,12.249967291032888,0.04936319601094494,12.30384048104053,13
mutation_only,0,57,2900,12.112403840463596,12.244728352723774,0.05156072078253756,12.292838827718413,13
mutation_only,0,58,2950,12.112403840463596,12.243462836451378,0.05113916102173727,12.292838827718413,13
mutation_only,0,59,3000,12.112403840463596,12.243462836451378,0.05113916102173727,12.292838827718413,13
mutation_only,0,60,3050,12.112403840463596,12.239149033957494,0.05335356160885411,12.292838827718413,13
mutation_only,0,61,3100,12.112403840463596,12.235116083418454,0.050726686792799174,12.292838827718413,13
mutation_only,0,62,3150,12.112403840463596,12.228827237824655,0.04738734976596447,12.260232526704263,13
mutation_only,0,63,3200,12.112403840463596,12.219435332502691,0.051659143362729094,12.257583690279022,13
mutation_only,0,64,3250,11.948331477354788,12.212129461196994,0.06326153893382004,12.257583690279022,13
mutation_only,0,65,3300,11.948331477354788,12.211569047673386,0.06297987838559621,12.257583690279022,13
mutation_only,0,66,3350,11.948331477354788,12.208090289801051,0.061990956153255276,12.257583690279022,13
mutation_only,0,67,3400,11.948331477354788,12.199925164983307,0.06315309918304367,12.257583690279022,13
mutation_only,0,68,3450,11.948331477354788,12.191760040165565,0.0632488000002632,12.257583690279022,13
mutation_only,0,69,3500,11.948331477354788,12.185014582383475,0.07067764841036513,12.257583690279022,13
mutation_only,0,70,3550,11.948331477354788,12.183217065081958,0.06994829436688799,12.257583690279022,13
mutation_only,0,71,3600,11.948331477354788,12.176718433482613,0.06803395984405551,12.2295630140987,13
mutation_only,0,72,3650,11.948331477354788,12.174375250009911,0.06819094900916141,12.2295630140987,13
mutation_only,0,73,3700,11.948331477354788,12.170794962759299,0.06777210119852109,12.2295630140987,13
mutation_only,0,74,3750,11.948331477354788,12.163933228246508,0.07346984143947517,12.2295630140987,13
mutation_only,0,75,3800,11.948331477354788,12.15830859751163,0.07880176428335414,12.2295630140987,13
mutation_only,0,76,3850,11.948331477354788,12.155965414038928,0.07838895739906274,12.2295630140987,13
mutation_only,0,77,3900,11.948331477354788,12.14799759983135,0.08224881492513729,12.2295630140987,13
mutation_only,0,78,3950,11.948331477354788,12.14799759983135,0.08224881492513729,12.2295630140987,13
mutation_only,0,79,4000,11.948331477354788,12.136748338361592,0.08925731017335968,12.2295630140987,13
mutation_only,0,80,4050,11.948331477354788,12.121883993573265,0.09382829237833801,12.2295630140987,13
mutation_only,0,81,4100,11.948331477354788,12.11860286650437,0.09149747759565155,12.2295630140987,13
mutation_only,0,82,4150,11.948331477354788,12.112679395781054,0.0874513275830491,12.2295630140987,13
mutation_only,0,83,4200,11.948331477354788,12.112679395781054,0.0874513275830491,12.2295630140987,13
mutation_only,0,84,4250,11.948331477354788,12.094366108018516,0.07936658180444582,12.2295630140987,13
mutation_only,0,85,4300,11.948331477354788,12.087266965464496,0.07587791422867227,12.16770782520313,13
mutation_only,0,86,4350,11.948331477354788,12.072998304898803,0.07878468176737743,12.16770782520313,13
mutation_only,0,87,4400,11.948331477354788,12.069514245663354,0.0766736604315934,12.16770782520313,13
mutation_only,0,88,4450,11.948331477354788,12.068408165968563,0.07564111023295436,12.16770782520313,13
mutation_only,0,89,4500,11.948331477354788,12.068408165968563,0.07564111023295436,12.16770782520313,13
mutation_only,0,90,4550,11.948331477354788,12.059131339899636,0.07203722359909469,12.127361849549569,13
mutation_only,0,91,4600,11.948331477354788,12.057560279872048,0.0713856875152435,12.112403840463596,13
mutation_only,0,92,4650,11.948331477354788,12.049725485501826,0.07302624469332687,12.112403840463596,13
mutation_only,0,93,4700,11.948331477354788,12.049725485501826,0.07302624469332687,12.112403840463596,13
mutation_only,0,94,4750,11.948331477354788,12.048453585655956,0.07247523691342729,12.112403840463596,13
mutation_only,0,95,4800,11.948331477354788,12.041890691131606,0.07380366142914598,12.112403840463596,13
mutation_only,0,96,4850,11.948331477354788,12.03860924386943,0.07424174694395315,12.112403840463596,13
mutation_only,0,97,4900,11.948331477354788,12.028764902082902,0.07468059910380044,12.112403840463596,13
mutation_only,0,98,4950,11.948331477354788,12.015639113034197,0.07323135017432711,12.112403840463596,13
mutation_only,0,99,5000,11.948331477354788,12.01235766577202,0.07249414361964553,12.112403840463596,13
mutation_only,0,100,5050,11.948331477354788,12.009076218509845,0.07159912902869543,12.112403840463596,13
mutation_only,1,0,50,18.456465996625056,20.789289771048825,1.045219830876029,22.900000000000002,21
mutation_only,1,1,100,16.07907545067406,18.63735701286557,1.141775142449014,20.255294535724687,16
mutation_only,1,2,150,15.637715508089904,17.130820589312737,0.7213514325786325,18.144994432064365,14
mutation_only,1,3,200,14.343559577416269,16.05558743823731,0.4457406024696566,16.61519230368573,14
mutation_only,1,4,250,14.121320343559642,15.463683664437538,0.4599231859544879,16.007130750570546,11
mutation_only,1,5,300,14.121320343559642,15.04031412111152,0.38829852887843397,15.512480529547776,11
mutation_only,1,6,350,14.049285568453591,14.672896827437254,0.3196331473566712,15.097617696340304,12
mutation_only,1,7,400,14.049285568453591,14.45821926865425,0.2111576888159517,14.815587038162704,12
mutation_only,1,8,450,13.724807680927192,14.243715470218392,0.18211215961978755,14.495451410656816,13
mutation_only,1,9,500,13.560107523773826,14.126601995304593,0.19025089330615802,14.357066051117284,11
mutation_only,1,10,550,13.560107523773826,14.064677682508268,0.19258759671366807,14.333907960581373,11
mutation_only,1,11,600,13.235270009440733,13.985325110356575,0.19154529295198114,14.191366458960193,12
mutation_only,1,12,650,13.20332963783729,13.903330219823562,0.24297983155033265,14.122611077089287,13
mutation_only,1,13,700,13.20332963783729,13.831924097662277,0.24276153452482507,14.073644135332772,13
mutation_only,1,14,750,12.988409872672513,13.746422044636885,0.24224724944096637,14.005547008526777,13
mutation_only,1,15,800,12.988409872672513,13.665953687285397,0.2212291335116694,13.909975124224179,13
mutation_only,1,16,850,12.988409872672513,13.559907815004934,0.23275351185829654,13.837211521390788,13
mutation_only,1,17,900,12.988409872672513,13.519814306034101,0.21020834152173465,13.769693845669908,13
mutation_only,1,18,950,12.988409872672513,13.465097601369473,0.18325919666534457,13.679795897113271,13
mutation_only,1,19,1000,12.988409872672513,13.412242634870879,0.16912983290811243,13.563818169698585,13
mutation_only,1,20,1050,12.7295630140987,13.370913429524022,0.185597859246757,13.559591794226542,14
mutation_only,1,21,1100,12.7295630140987,13.301552252360011,0.17148335832293796,13.508304597359459,14
mutation_only,1,22,1150,12.7295630140987,13.238620021590506,0.15163632116805273,13.449137674618944,14
mutation_only,1,23,1200,12.7295630140987,13.20717705783113,0.1360396267691578,13.419090595827292,14
mutation_only,1,24,1250,12.7295630140987,13.155187695517627,0.13596534348878597,13.311871208194287,14
mutation_only,1,25,1300,12.7295630140987,13.129426697400426,0.1290240059110641,13.30384048104053,14
mutation_only,1,26,1350,12.7295630140987,13.116535450144568,0.12138365019734806,13.235270009440733,14
mutation_only,1,27,1400,12.7295630140987,13.09979962922809,0.11873047940889163,13.232050807568877,14
mutation_only,1,28,1450,12.7295630140987,13.093792098981195,0.11512301731900759,13.224807680927192,14
mutation_only,1,29,1500,12.7295630140987,13.061527082512528,0.1134304144629264,13.20332963783729,14
mutation_only,1,30,1550,12.7295630140987,13.04252002361417,0.10851823105578719,13.183215956619923,14
mutation_only,1,31,1600,12.7295630140987,13.02109865827614,0.11685627842217015,13.16770782520313,14
mutation_only,1,32,1650,12.7295630140987,13.004851332362128,0.11647131638057534,13.160107523773828,14
mutation_only,1,33,1700,12.7295630140987,12.988845064228267,0.1163337755268742,13.140967364599087,14
mutation_only,1,34,1750,12.7295630140987,12.970489125942526,0.11492841197469238,13.140175425099137,14
mutation_only,1,35,1800,12.7295630140987,12.952762332588065,0.11345331075972,13.127361849549569,14
mutation_only,1,36,1850,12.7295630140987,12.939391094799774,0.11321119357525664,13.112403840463596,14
mutation_only,1,37,1900,12.7295630140987,12.92163938191703,0.10495603987544931,13.063818169698585,14
mutation_only,1,38,1950,12.7295630140987,12.895675246925805,0.09721430175090225,13.008304597359459,14
mutation_only,1,39,2000,12.7295630140987,12.87744884719403,0.09576629522502096,12.988409872672513,14
mutation_only,1,40,2050,12.72736184954957,12.860942580158767,0.0930248173944659,12.988409872672513,14
mutation_only,1,41,2100,12.72736184954957,12.847131653333598,0.08652068424937376,12.967707825203131,14
mutation_only,1,42,2150,12.72736184954957,12.83124681745222,0.07811553015713131,12.967707825203131,14
mutation_only,1,43,2200,12.693737745050923,12.805696779593461,0.06500724669110702,12.948683298050513,12
mutation_only,1,44,2250,12.693737745050923,12.798981640542666,0.05986019961429042,12.919803902718558,12
mutation_only,1,45,2300,12.693737745050923,12.777018975672929,0.04848603552859219,12.872004514666935,12
mutation_only,1,46,2350,12.693737745050923,12.776144599093762,0.04714076331239918,12.841640786499873,12
mutation_only,1,47,2400,12.693737745050923,12.764101715037757,0.04440721470457766,12.82828568570857,12
mutation_only,1,48,2450,12.693737745050923,12.76010878488238,0.042920027196203143,12.82828568570857,12
mutation_only,1,49,2500,12.693737745050923,12.75257867789344,0.039970738409132095,12.816515138991168,12
mutation_only,1,50,2550,12.693737745050923,12.745901233273468,0.034983232513031905,12.816515138991168,12
mutation_only,1,51,2600,12.635270009440731,12.739714676554165,0.03431979019754029,12.80384048104053,12
mutation_only,1,52,2650,12.557583690279023,12.732587486019142,0.040844557655579296,12.80384048104053,13
mutation_only,1,53,2700,12.557583690279023,12.727532884715707,0.04010371060030017,12.80384048104053,13
mutation_only,1,54,2750,12.548808848170152,12.717860821712764,0.04243732291806366,12.764911064067352,13
mutation_only,1,55,2800,12.548808848170152,12.712290807856668,0.046976227430851905,12.764911064067352,13
mutation_only,1,56,2850,12.548808848170152,12.709957047220893,0.04528896630036267,12.760232526704263,13
mutation_only,1,57,2900,12.548808848170152,12.709299633677801,0.04479022596644381,12.757583690279022,13
mutation_only,1,58,2950,12.548808848170152,12.707934668191275,0.044262209826280124,12.7295630140987,13
mutation_only,1,59,3000,12.548808848170152,12.704275561581719,0.049406594530653186,12.7295630140987,13
mutation_only,1,60,3050,12.548808848170152,12.703559056200765,0.0492943202570458,12.7295630140987,13
mutation_only,1,61,3100,12.548808848170152,12.699402964343415,0.0530444529540737,12.7295630140987,13
mutation_only,1,62,3150,12.548808848170152,12.698477010597033,0.052771823975189515,12.7295630140987,13
mutation_only,1,63,3200,12.548808848170152,12.697760505216076,0.052587778486941864,12.7295630140987,13
mutation_only,1,64,3250,12.548808848170152,12.696283471163182,0.052161105605856864,12.7295630140987,13
mutation_only,1,65,3300,12.548808848170152,12.694850460401272,0.051717361958236695,12.7295630140987,13
mutation_only,1,66,3350,12.548808848170152,12.694133955020316,0.051479099477199586,12.7295630140987,13
mutation_only,1,67,3400,12.548808848170152,12.688876412574405,0.05437728536401655,12.7295630140987,13
mutation_only,1,68,3450,12.548808848170152,12.687487425103477,0.05378823859774422,12.72736184954957,13
mutation_only,1,69,3500,12.548808848170152,12.680729564093767,0.05622311919470045,12.72736184954957,13
mutation_only,1,70,3550,12.548808848170152,12.67464418517403,0.05819201213218281,12.72736184954957,13
mutation_only,1,71,3600,12.548808848170152,12.67107312514644,0.06028818627479853,12.72736184954957,13
mutation_only,1,72,3650,12.548808848170152,12.66563650254195,0.0610284735393112,12.72736184954957,13
mutation_only,1,73,3700,12.548808848170152,12.655956337819898,0.0618658886704551,12.72736184954957,13
mutation_only,1,74,3750,12.548808848170152,12.650708866064578,0.062099345912601356,12.719090595827293,13
mutation_only,1,75,3800,12.548808848170152,12.648874291139025,0.06140312322603526,12.719090595827293,13
mutation_only,1,76,3850,12.548808848170152,12.647197879411292,0.06060221222331583,12.693737745050923,13
mutation_only,1,77,3900,12.548808848170152,12.643954199918898,0.06119228318476612,12.693737745050923,13
mutation_only,1,78,3950,12.548808848170152,12.634737867709099,0.06336975307302875,12.693737745050923,13
mutation_only,1,79,4000,12.548808848170152,12.63183928977148,0.06391697793174896,12.693737745050923,13
mutation_only,1,80,4050,12.548808848170152,12.630511771861455,0.0633039519953173,12.693737745050923,13
mutation_only,1,81,4100,12.548808848170152,12.626443839211635,0.06296746370978515,12.693737745050923,13
mutation_only,1,82,4150,12.548808848170152,12.62354526127402,0.06313853160630807,12.693737745050923,13
mutation_only,1,83,4200,12.548808848170152,12.618956730227245,0.061832573404535324,12.693737745050923,13
mutation_only,1,84,4250,12.548808848170152,12.610996361769782,0.059134728244437704,12.693737745050923,13
mutation_only,1,85,4300,12.548808848170152,12.598232695307118,0.05450282927965394,12.693737745050923,13
mutation_only,1,86,4350,12.548808848170152,12.592316646350316,0.048945451414840004,12.693737745050923,13
mutation_only,1,87,4400,12.548808848170152,12.584662109331383,0.04491729074857395,12.66770782520313,13
mutation_only,1,88,4450,12.548808848170152,12.581635373475473,0.042537872055991494,12.66770782520313,13
mutation_only,1,89,4500,12.548808848170152,12.57532568801092,0.03834656655905306,12.635270009440731,13
mutation_only,1,90,4550,12.548808848170152,12.564950348658451,0.03187459858577432,12.635270009440731,13
mutation_only,1,91,4600,12.548808848170152,12.564950348658451,0.03187459858577432,12.635270009440731,13
mutation_only,1,92,4650,12.548808848170152,12.561491902207628,0.02857720974780757,12.635270009440731,13
mutation_only,1,93,4700,12.548808848170152,12.558033455756805,0.024359845960713847,12.635270009440731,13
mutation_only,1,94,4750,12.548808848170152,12.556304232531392,0.021744057704797367,12.635270009440731,13
mutation_only,1,95,4800,12.548808848170152,12.554575009305982,0.018607137603156562,12.627361849549569,13
mutation_only,1,96,4850,12.548808848170152,12.553003949278393,0.015442274126711186,12.627361849549569,13
mutation_only,1,97,4900,12.548808848170152,12.553003949278393,0.015442274126711186,12.627361849549569,13
mutation_only,1,98,4950,12.548808848170152,12.549686332381038,0.0026324526326611418,12.557583690279023,13
mutation_only,1,99,5000,12.548808848170152,12.549510835538861,0.002380554989287295,12.557583690279023,13
mutation_only,1,100,5050,12.548808848170152,12.549335338696686,0.002083909539209464,12.557583690279023,13
mutation_only,2,0,50,18.83390796058137,20.69506857062624,0.8407457322376795,22.56767050061961,21
mutation_only,2,1,100,16.860051813123757,19.266760741731083,0.8042022321531292,20.09544511501033,11
mutation_only,2,2,150,15.449615361854384,17.489314807628755,0.9559314857587804,18.87581763205193,9
mutation_only,2,3,200,15.242640687119284,16.187480964365907,0.4192755448501302,16.860051813123757,8
mutation_only,2,4,250,15.172458299147443,15.73960037817871,0.20153797801153853,16.043552415324932,11
mutation_only,2,5,300,15.172458299147443,15.629925885867385,0.1706517429750005,15.855133376499413,11
mutation_only,2,6,350,14.867156809750927,15.499039897016024,0.2085294117368337,15.722668877499196,11
mutation_only,2,7,400,14.615167380558045,15.380657093816321,0.23651472017381486,15.645222154178573,11
mutation_only,2,8,450,14.6,15.153938814306327,0.2605613990624337,15.455133376499415,10
mutation_only,2,9,500,14.6,14.973156826550689,0.2283720684682792,15.286335345030997,10
mutation_only,2,10,550,14.35870331449229,14.803598056335577,0.19329520440095752,15.147288270665545,11
mutation_only,2,11,600,14.214944167960988,14.749872497820943,0.1738434728341591,15.022902093797258,11
mutation_only,2,12,650,14.214944167960988,14.665918838609905,0.1787876221523395,14.907567081708246,11
mutation_only,2,13,700,14.214944167960988,14.583198947879655,0.148452868591236,14.789974874213241,11
mutation_only,2,14,750,14.214944167960988,14.542073054825353,0.14017368207303615,14.700000000000001,11
mutation_only,2,15,800,13.87082869338697,14.5011640521166,0.15840159993554154,14.644994432064365,11
mutation_only,2,16,850,13.87082869338697,14.439391071358758,0.18937542722347148,14.607680962081059,11
mutation_only,2,17,900,13.868438714135813,14.350410406350413,0.20101143913509562,14.6,12
mutation_only,2,18,950,13.868438714135813,14.306695437112984,0.1857537758510763,14.549545416973505,12
mutation_only,2,19,1000,13.868438714135813,14.261262196536459,0.16669013691941387,14.469817807045693,12
mutation_only,2,20,1050,13.755294535724685,14.180395375618524,0.1901965172608431,14.410844001658269,12
mutation_only,2,21,1100,13.755294535724685,14.154011918417389,0.17731222626808363,14.377902338672774,12
mutation_only,2,22,1150,13.755294535724685,14.118596527312214,0.16061973619971878,14.35870331449229,12
mutation_only,2,23,1200,13.755294535724685,14.08077370680383,0.1507345075351445,14.28806130178211,12
mutation_only,2,24,1250,13.755294535724685,14.057315143244347,0.13965299036624068,14.214944167960988,12
mutation_only,2,25,1300,13.549285568453591,14.018641927138866,0.15761638059977148,14.214944167960988,11
mutation_only,2,26,1350,13.505547008526777,13.985504304300733,0.16060077189369779,14.173320053068151,11
mutation_only,2,27,1400,13.505547008526777,13.907413939371313,0.14964334082521064,14.114642819948225,11
mutation_only,2,28,1450,13.505547008526777,13.864727402182604,0.1390590998466895,14.033907960581372,11
mutation_only,2,29,1500,13.505547008526777,13.822587924026623,0.13530717152808233,14.0,11
mutation_only,2,30,1550,13.488409872672513,13.793036484815731,0.13108052370506348,13.95472369909914,12
mutation_only,2,31,1600,13.277032961426901,13.767972811561794,0.14175171989778743,13.93469899493758,13
mutation_only,2,32,1650,13.04899959967968,13.725779198007649,0.17197380150457656,13.909975124224179,12
mutation_only,2,33,1700,13.04899959967968,13.643114686912417,0.1969114521150262,13.87082869338697,12
mutation_only,2,34,1750,13.04899959967968,13.584544874900061,0.1788578472728431,13.768438714135812,12
mutation_only,2,35,1800,12.707106781186548,13.494012752167189,0.20615185230482222,13.714944167960988,13
mutation_only,2,36,1850,12.707106781186548,13.458191697425038,0.19383111268156628,13.662049935181331,13
mutation_only,2,37,1900,12.707106781186548,13.410303979421553,0.1870635844324025,13.62664991614216,13
mutation_only,2,38,1950,12.707106781186548,13.336466163033693,0.20869309991959234,13.549285568453591,13
mutation_only,2,39,2000,12.707106781186548,13.271748654489194,0.21453375819844017,13.505547008526777,13
mutation_only,2,40,2050,12.707106781186548,13.220932716224048,0.20900724539220372,13.467707825203131,13
mutation_only,2,41,2100,12.707106781186548,13.110921895905035,0.2050441603773257,13.368438714135813,13
mutation_only,2,42,2150,12.707106781186548,13.067845763464327,0.20085742906812074,13.322497216032183,13
mutation_only,2,43,2200,12.707106781186548,13.027030255905295,0.18489335294633635,13.292838827718413,13
mutation_only,2,44,2250,12.707106781186548,13.007423598448993,0.17826759788017812,13.260681686165901,13
mutation_only,2,45,2300,12.707106781186548,12.962835618071974,0.1617664790767058,13.22474487139159,13
mutation_only,2,46,2350,12.612403840463596,12.929114179267444,0.15990649837988186,13.171779788708136,13
mutation_only,2,47,2400,12.612403840463596,12.869823695124662,0.13626669433421887,13.071779788708135,13
mutation_only,2,48,2450,12.612403840463596,12.828606584483998,0.12930318449621309,13.048808848170152,13
mutation_only,2,49,2500,12.612403840463596,12.81139101354395,0.1159785516973752,12.993737745050923,13
mutation_only,2,50,2550,12.612403840463596,12.786947645171876,0.09753530190634889,12.992838827718412,13
mutation_only,2,51,2600,12.612403840463596,12.765941791253463,0.07930105655448749,12.960232526704262,13
mutation_only,2,52,2650,12.18309518948453,12.735918113648411,0.1177979689728784,12.894427190999917,13
mutation_only,2,53,2700,12.18309518948453,12.724692895656524,0.11267037907261052,12.836660026534076,13
mutation_only,2,54,2750,12.18309518948453,12.715514908915514,0.10855979894659279,12.822497216032183,13
mutation_only,2,55,2800,12.18309518948453,12.698573300552507,0.11617095728141649,12.779795897113273,13
mutation_only,2,56,2850,12.18309518948453,12.684202419839826,0.12520314777389738,12.779795897113273,13
mutation_only,2,57,2900,12.18309518948453,12.672185555109587,0.1222898218059247,12.779795897113273,13
mutation_only,2,58,2950,12.18309518948453,12.66335980546619,0.11981430449193317,12.760232526704263,13
mutation_only,2,59,3000,12.18309518948453,12.648891340073506,0.1348897026156823,12.760232526704263,13
mutation_only,2,60,3050,12.18309518948453,12.643382515291313,0.133703513968762,12.756465996625053,13
mutation_only,2,61,3100,12.18309518948453,12.605421237519167,0.14226846720380895,12.72736184954957,13
mutation_only,2,62,3150,12.18309518948453,12.59092020826822,0.14162232489312954,12.707106781186548,13
mutation_only,2,63,3200,12.18309518948453,12.56982485592327,0.14540185256119234,12.707106781186548,13
mutation_only,2,64,3250,12.18309518948453,12.5534141028924,0.1430378056365646,12.707106781186548,13
mutation_only,2,65,3300,12.18309518948453,12.54664889731394,0.1407846585755659,12.679795897113271,13
mutation_only,2,66,3350,12.18309518948453,12.518626646675733,0.14759394592869612,12.671779788708136,13
mutation_only,2,67,3400,12.18309518948453,12.497694955667209,0.15149028614780277,12.671779788708136,13
mutation_only,2,68,3450,12.18309518948453,12.468547398863777,0.14804667219315737,12.671779788708136,13
mutation_only,2,69,3500,12.18309518948453,12.427336761746135,0.13737405275684023,12.627361849549569,13
mutation_only,2,70,3550,12.18309518948453,12.386533552393068,0.12912471825039057,12.612403840463596,13
mutation_only,2,71,3600,12.18309518948453,12.371199776059736,0.1151322701313042,12.56287388383278,13
mutation_only,2,72,3650,12.18309518948453,12.357387107316391,0.10872424201351559,12.56287388383278,13
mutation_only,2,73,3700,12.18309518948453,12.349791533429427,0.10736072468416659,12.54833147735479,13
mutation_only,2,74,3750,12.18309518948453,12.33501428115793,0.10408141666647994,12.508304597359459,13
mutation_only,2,75,3800,12.18309518948453,12.319654677241404,0.09886586592562932,12.478232998312528,13
mutation_only,2,76,3850,12.18309518948453,12.315258557839584,0.09425572279047557,12.460232526704262,13
mutation_only,2,77,3900,12.18309518948453,12.315258557839584,0.09425572279047557,12.460232526704262,13
mutation_only,2,78,3950,12.18309518948453,12.299516971819711,0.08713383651851461,12.448999599679679,13
mutation_only,2,79,4000,12.18309518948453,12.292783551588466,0.08395337492755248,12.4,13
mutation_only,2,80,4050,12.18309518948453,12.283672019134098,0.08308261406341849,12.4,13
mutation_only,2,81,4100,12.18309518948453,12.265572287289512,0.07786640855942564,12.378232998312527,13
mutation_only,2,82,4150,12.18309518948453,12.264740827853943,0.07687461788135432,12.378232998312527,13
mutation_only,2,83,4200,12.18309518948453,12.257766774936393,0.07593848163489679,12.336660026534076,13
mutation_only,2,84,4250,12.18309518948453,12.248552884713419,0.07511896732215462,12.336660026534076,13
mutation_only,2,85,4300,12.18309518948453,12.230125104267474,0.0698991926302995,12.336660026534076,13
mutation_only,2,86,4350,12.18309518948453,12.227053807526483,0.06851063224886556,12.336660026534076,13
mutation_only,2,87,4400,12.18309518948453,12.217839917303511,0.06327670321215681,12.336660026534076,13
mutation_only,2,88,4450,12.18309518948453,12.205518468265563,0.05301593819800049,12.336660026534076,13
mutation_only,2,89,4500,12.18309518948453,12.202447171524573,0.0496724344266209,12.336660026534076,13
mutation_only,2,90,4550,12.18309518948453,12.1932332813016,0.03638872757284228,12.336660026534076,13
mutation_only,2,91,4600,12.18309518948453,12.190161984560609,0.030088828888035928,12.336660026534076,13
mutation_only,2,92,4650,12.18309518948453,12.184055653152608,0.004705291806559402,12.207106781186548,13
mutation_only,2,93,4700,12.18309518948453,12.18309518948453,0.0,12.18309518948453,13
mutation_only,2,94,4750,12.18309518948453,12.18309518948453,0.0,12.18309518948453,13
mutation_only,2,95,4800,12.18309518948453,12.18309518948453,0.0,12.18309518948453,13
mutation_only,2,96,4850,12.18309518948453,12.18309518948453,0.0,12.18309518948453,13
mutation_only,2,97,4900,12.18309518948453,12.18309518948453,0.0,12.18309518948453,13
mutation_only,2,98,4950,12.18309518948453,12.18309518948453,0.0,12.18309518948453,13
mutation_only,2,99,5000,12.18309518948453,12.18309518948453,0.0,12.18309518948453,13
mutation_only,2,100,5050,12.18309518948453,12.18309518948453,0.0,12.18309518948453,13
mutation_only,3,0,50,18.2,20.796211740632767,1.038693636569909,22.697221149720992,21
mutation_only,3,1,100,16.03732584763727,18.921501294209783,1.1105853324626256,20.264911064067352,12
mutation_only,3,2,150,16.03732584763727,17.3635785612399,0.7761617397982205,18.483239697419133,12
mutation_only,3,3,200,15.789522117905443,16.396387570185585,0.3253469255300137,16.931148931672464,7
mutation_only,3,4,250,15.478143885933063,15.98865115479007,0.22266205727389676,16.316609194718914,9
mutation_only,3,5,300,15.35910788780937,15.778286661105241,0.17628376558573905,16.03732584763727,9
mutation_only,3,6,350,15.070459909270543,15.604621193237346,0.1685221674485508,15.809243436828814,10
mutation_only,3,7,400,15.070459909270543,15.45931324321744,0.13756499528786,15.644616584663204,10
mutation_only,3,8,450,14.598571136907179,15.30788382850326,0.1770688348737912,15.503656905736639,10
mutation_only,3,9,500,14.598571136907179,15.231513921211008,0.1629428270279183,15.422902093797257,10
mutation_only,3,10,550,14.510589071449369,15.033466553110284,0.23215970977142453,15.287119154832538,10
mutation_only,3,11,600,14.483286778035259,14.88718675296193,0.20380806888820177,15.156141357987224,10
mutation_only,3,12,650,14.236877428271624,14.73789901663964,0.1712741052424929,14.991015291668743,9
mutation_only,3,13,700,14.236877428271624,14.628105831811101,0.14241298007249503,14.82409987036266,9
mutation_only,3,14,750,14.236877428271624,14.560665909003244,0.119480152907233,14.707567081708246,9
mutation_only,3,15,800,14.236877428271624,14.509767470533005,0.1226266552464613,14.656141357987224,9
mutation_only,3,16,850,13.938181191654584,14.45405344905982,0.14474248460584774,14.623243291566194,11
mutation_only,3,17,900,13.857066051117284,14.40117067045649,0.16998230601016198,14.582207001484488,11
mutation_only,3,18,950,13.857066051117284,14.362324992613813,0.15824584705571748,14.510589071449369,11
mutation_only,3,19,1000,13.857066051117284,14.305020831107846,0.18616342452446155,14.48790581563873,11
mutation_only,3,20,1050,13.857066051117284,14.253930701650697,0.16554703736550963,14.456141357987224,11
mutation_only,3,21,1100,13.70199920063936,14.196100965429551,0.18046627307935986,14.380972058177587,11
mutation_only,3,22,1150,13.70199920063936,14.1427455558623,0.19295464960340675,14.32409987036266,11
mutation_only,3,23,1200,13.70199920063936,14.053965117879207,0.1973451692662098,14.27571129984594,11
mutation_only,3,24,1250,13.70199920063936,14.024177123248139,0.1828025802393421,14.236877428271624,11
mutation_only,3,25,1300,13.37082869338697,13.958246136611404,0.18452862692518482,14.191366458960193,12
mutation_only,3,26,1350,13.37082869338697,13.8997320734088,0.15169019078543888,14.109243436828814,12
mutation_only,3,27,1400,13.316590212458495,13.835573688562647,0.146597295153586,14.049545416973505,12
mutation_only,3,28,1450,13.316590212458495,13.781803679278564,0.12698022767879932,13.938181191654584,12
mutation_only,3,29,1500,12.949137674618944,13.726174115033084,0.17029723840271277,13.917935662402835,13
mutation_only,3,30,1550,12.923538406167134,13.64803017802511,0.2073508698709013,13.845207879911715,12
mutation_only,3,31,1600,12.923538406167134,13.552814282376534,0.24475940715818809,13.758317958127243,12
mutation_only,3,32,1650,12.822497216032183,13.455208210329227,0.244556576664468,13.70199920063936,13
mutation_only,3,33,1700,12.822497216032183,13.378996290731923,0.23609062182405144,13.639071942966531,13
mutation_only,3,34,1750,12.822497216032183,13.30968373802729,0.21777809016056723,13.609975124224178,13
mutation_only,3,35,1800,12.822497216032183,13.268368221108133,0.18037455790970952,13.493737745050923,13
mutation_only,3,36,1850,12.822497216032183,13.240583829843372,0.16646018487983863,13.427105745132009,13
mutation_only,3,37,1900,12.822497216032183,13.213796249649429,0.16199976353276513,13.409975124224179,13
mutation_only,3,38,1950,12.822497216032183,13.172151803654645,0.16031766338099238,13.345207879911715,13
mutation_only,3,39,2000,12.478232998312528,13.087412027532773,0.18040274366015924,13.316590212458495,14
mutation_only,3,40,2050,12.478232998312528,13.028244783069926,0.14795125452234345,13.2295630140987,14
mutation_only,3,41,2100,12.478232998312528,13.00105660867698,0.132457562309442,13.16770782520313,14
mutation_only,3,42,2150,12.478232998312528,12.983296146158496,0.1237407453884244,13.162049935181331,14
mutation_only,3,43,2200,12.478232998312528,12.976239566609072,0.11930936630150939,13.140967364599087,14
mutation_only,3,44,2250,12.478232998312528,12.925250532970185,0.1293023003606927,13.1,14
mutation_only,3,45,2300,12.478232998312528,12.888182711542234,0.1249635399824734,13.049193338482967,14
mutation_only,3,46,2350,12.478232998312528,12.866642604011393,0.125136981225596,12.949137674618944,14
mutation_only,3,47,2400,12.478232998312528,12.86662648006611,0.12512640215935614,12.949137674618944,14
mutation_only,3,48,2450,12.478232998312528,12.859685459209125,0.12365545701145975,12.949137674618944,14
mutation_only,3,49,2500,12.478232998312528,12.837175082753975,0.13951825379099247,12.948999599679679,14
mutation_only,3,50,2550,12.478232998312528,12.812695641009135,0.14034725723157498,12.948331477354788,14
mutation_only,3,51,2600,12.478232998312528,12.76625164614784,0.1519518434496675,12.923538406167134,14
mutation_only,3,52,2650,12.200000000000001,12.721891385160001,0.16715691975785976,12.894427190999917,14
mutation_only,3,53,2700,12.200000000000001,12.682489589849968,0.1773157701222606,12.878404875209021,14
mutation_only,3,54,2750,12.200000000000001,12.640945651950267,0.17374137702892514,12.840967364599086,14
mutation_only,3,55,2800,12.200000000000001,12.608407955787941,0.1687467748992389,12.836660026534076,14
mutation_only,3,56,2850,12.200000000000001,12.592897565826132,0.15702534300221052,12.822497216032183,14
mutation_only,3,57,2900,12.200000000000001,12.579313631418186,0.15186401850762235,12.822497216032183,14
mutation_only,3,58,2950,12.200000000000001,12.55124374053358,0.13586560726541852,12.792838827718413,14
mutation_only,3,59,3000,12.200000000000001,12.511975285709834,0.10932714318835075,12.713552872566003,14
mutation_only,3,60,3050,12.200000000000001,12.49292904554109,0.09450132163963645,12.632455532033676,14
mutation_only,3,61,3100,12.200000000000001,12.47910474668105,0.08751676350488206,12.612403840463596,14
mutation_only,3,62,3150,12.200000000000001,12.468355060555883,0.07974987354168535,12.571779788708135,14
mutation_only,3,63,3200,12.200000000000001,12.459246568000992,0.08477689770044632,12.56332495807108,14
mutation_only,3,64,3250,12.200000000000001,12.44304537031526,0.08594404368325569,12.54833147735479,14
mutation_only,3,65,3300,12.1,12.42141342634504,0.09774523671809243,12.547722557505166,14
mutation_only,3,66,3350,12.1,12.394053963169725,0.10188751359235329,12.478232998312528,14
mutation_only,3,67,3400,12.1,12.381476677105457,0.10306845160066355,12.478232998312528,14
mutation_only,3,68,3450,12.1,12.36035979829235,0.10308954702364687,12.478232998312528,14
mutation_only,3,69,3500,12.1,12.354795138326098,0.10059811501344308,12.478232998312528,14
mutation_only,3,70,3550,12.1,12.341961101244223,0.0986459805405444,12.478232998312528,14
mutation_only,3,71,3600,12.1,12.324753914307736,0.0951255589950311,12.448331477354788,14
mutation_only,3,72,3650,12.1,12.307236486545209,0.09815064284597523,12.4,14
mutation_only,3,73,3700,12.1,12.29363256459958,0.09700353259139793,12.4,14
mutation_only,3,74,3750,12.1,12.291521108419579,0.0956904794342628,12.4,14
mutation_only,3,75,3800,12.1,12.286281300452337,0.0915999575527753,12.4,14
mutation_only,3,76,3850,12.1,12.274281300452337,0.08670238424937536,12.4,14
mutation_only,3,77,3900,12.1,12.254517146297555,0.07988240960262627,12.378232998312527,14
mutation_only,3,78,3950,12.1,12.233583725877589,0.07013420679848133,12.334846922834952,14
mutation_only,3,79,4000,12.1,12.217038890012075,0.06536657312640268,12.30990195135928,14
mutation_only,3,80,4050,12.1,12.21450275477458,0.06416330285452164,12.30990195135928,14
mutation_only,3,81,4100,12.1,12.214304715747394,0.06388321891066043,12.30990195135928,14
mutation_only,3,82,4150,12.1,12.194498271007724,0.05537765765872719,12.299999999999999,14
mutation_only,3,83,4200,12.1,12.182894349062094,0.04907415451427623,12.299999999999999,14
mutation_only,3,84,4250,12.1,12.175589623304688,0.04348221044889853,12.209901951359278,14
mutation_only,3,85,4300,12.1,12.165725196720958,0.04595075672900462,12.209901951359278,14
mutation_only,3,86,4350,12.1,12.162991022456277,0.046025680567438096,12.209901951359278,14
mutation_only,3,87,4400,12.1,12.159720712954101,0.045509940803092924,12.209901951359278,14
mutation_only,3,88,4450,12.1,12.15698653868942,0.045224012754870035,12.209901951359278,14
mutation_only,3,89,4500,12.1,12.156450403451924,0.04474993076671914,12.209901951359278,14
mutation_only,3,90,4550,12.1,12.15191426821443,0.04461659490962236,12.200000000000001,14
mutation_only,3,91,4600,12.1,12.15191426821443,0.04461659490962236,12.200000000000001,14
mutation_only,3,92,4650,12.1,12.149914268214431,0.04465755942936269,12.200000000000001,14
mutation_only,3,93,4700,12.1,12.149914268214431,0.04465755942936269,12.200000000000001,14
mutation_only,3,94,4750,12.1,12.14791426821443,0.044608908157954076,12.200000000000001,14
mutation_only,3,95,4800,12.1,12.139576172004121,0.04309935736619254,12.200000000000001,14
mutation_only,3,96,4850,12.1,12.137576172004122,0.04256594053225251,12.200000000000001,14
mutation_only,3,97,4900,12.1,12.134899979583501,0.041012337675002876,12.18309518948453,14
mutation_only,3,98,4950,12.1,12.13157617200412,0.04033327853577863,12.18309518948453,14
mutation_only,3,99,5000,12.1,12.12991426821443,0.03988569095257418,12.18309518948453,14
mutation_only,3,100,5050,12.1,12.12991426821443,0.03988569095257418,12.18309518948453,14
mutation_only,4,0,50,17.880624847486573,20.6888956653441,0.892887197720398,22.529822128134704,21
mutation_only,4,1,100,15.893897898091744,19.00687167457242,1.0534799310748852,20.22074368738204,10
mutation_only,4,2,150,15.77571129984594,17.508309724184993,0.9725460374155995,18.739607805437114,12
mutation_only,4,3,200,15.3554305086342,16.295412592737257,0.359742771151849,16.87211421989835,10
mutation_only,4,4,250,14.88425027803687,15.911403949992291,0.27940202765262234,16.311871208194287,9
mutation_only,4,5,300,14.88425027803687,15.618761273964864,0.27026251112693284,15.926225293941798,9
mutation_only,4,6,350,14.66227766016838,15.297277232778429,0.2675571745296055,15.683300132670379,9
mutation_only,4,7,400,14.380697580112788,15.022897572298918,0.20193578209090643,15.315587038162704,12
mutation_only,4,8,450,14.380697580112788,14.929222850997744,0.16793814000386437,15.167815921162743,12
mutation_only,4,9,500,14.34302481094059,14.821075606297747,0.17505239724870778,15.025657829663178,10
mutation_only,4,10,550,13.949444375840399,14.707537168694682,0.18706445451467024,14.937663853655728,12
mutation_only,4,11,600,13.88494332412792,14.543688768838228,0.1946597439429465,14.742787793912433,12
mutation_only,4,12,650,13.720743687382042,14.439829841810493,0.22585203910242407,14.66227766016838,10
mutation_only,4,13,700,13.720743687382042,14.249407771202002,0.23899324501691266,14.534387974463899,10
mutation_only,4,14,750,13.68193472919817,14.116076190873805,0.19002650469688787,14.380697580112788,10
mutation_only,4,15,800,13.672004514666936,13.98557038371581,0.15621000603105095,14.18193472919817,12
mutation_only,4,16,850,13.458703314492292,13.870332144481397,0.16095491897569986,14.1,10
mutation_only,4,17,900,13.458703314492292,13.79268133430621,0.120046145161054,13.949444375840399,10
mutation_only,4,18,950,13.458703314492292,13.727241590687038,0.08679434921107718,13.89799919935936,10
mutation_only,4,19,1000,13.43469899493758,13.685154917344756,0.07124503288609314,13.753720459187964,10
mutation_only,4,20,1050,13.1431676725155,13.656678830884884,0.10247873791441875,13.720743687382042,11
mutation_only,4,21,1100,13.1431676725155,13.61610608151115,0.11969762199086616,13.720743687382042,11
mutation_only,4,22,1150,13.1431676725155,13.569208678420797,0.12831073001299786,13.700000000000001,11
mutation_only,4,23,1200,13.081138830084189,13.496169554343869,0.16486790816716762,13.68193472919817,11
mutation_only,4,24,1250,13.081138830084189,13.419370465501101,0.1549551540552398,13.593468988235944,11
mutation_only,4,25,1300,13.063818169698585,13.355192493613883,0.1565886432245531,13.515167380558044,11
mutation_only,4,26,1350,12.993737745050923,13.27458679695769,0.13553185475261664,13.491153452528778,11
mutation_only,4,27,1400,12.919803902718558,13.21568133303766,0.11611923371710302,13.427566688249707,13
mutation_only,4,28,1450,12.878404875209021,13.15548259208529,0.10317008212877565,13.330950643030008,11
mutation_only,4,29,1500,12.878404875209021,13.11615580943714,0.08727926440296409,13.235270009440733,11
mutation_only,4,30,1550,12.878404875209021,13.093605263495057,0.07925518220843546,13.163818169698587,11
mutation_only,4,31,1600,12.877032961426902,13.064660761327943,0.09378917653824255,13.1431676725155,12
mutation_only,4,32,1650,12.80384048104053,13.02751525421457,0.10248292488664397,13.1431676725155,11
mutation_only,4,33,1700,12.671779788708136,12.988021650915497,0.10938742583404483,13.140175425099137,13
mutation_only,4,34,1750,12.671779788708136,12.960847534139603,0.10315090890724611,13.081138830084189,13
mutation_only,4,35,1800,12.671779788708136,12.948528493952486,0.095461086008718,13.081138830084189,13
mutation_only,4,36,1850,12.671779788708136,12.917212745276245,0.10031616578431585,13.063818169698585,13
mutation_only,4,37,1900,12.627361849549569,12.872180433416306,0.09648038024999459,13.013552872566004,12
mutation_only,4,38,1950,12.627361849549569,12.833810789582866,0.08384334740358931,12.919803902718558,12
mutation_only,4,39,2000,12.627361849549569,12.820862748209102,0.08308789314713987,12.914213562373096,12
mutation_only,4,40,2050,12.627361849549569,12.815430782884983,0.08358597817077569,12.908304597359457,12
mutation_only,4,41,2100,12.627361849549569,12.802551192724154,0.08044560126076121,12.880624847486569,12
mutation_only,4,42,2150,12.54833147735479,12.787822057778106,0.0851262020552393,12.878404875209021,13
mutation_only,4,43,2200,12.54833147735479,12.767626790134539,0.08476633877525998,12.878404875209021,13
mutation_only,4,44,2250,12.448331477354788,12.735636237163954,0.08496332339858202,12.869535971483266,12
mutation_only,4,45,2300,12.448331477354788,12.727247108998137,0.0807421356964964,12.86619037896906,12
mutation_only,4,46,2350,12.448331477354788,12.71799147568473,0.07879382376678856,12.836660026534076,12
mutation_only,4,47,2400,12.448331477354788,12.70687594507988,0.07580523301500358,12.816515138991168,12
mutation_only,4,48,2450,12.448331477354788,12.678649234045924,0.06333964527061518,12.779795897113273,12
mutation_only,4,49,2500,12.448331477354788,12.667783727612537,0.057353208301576156,12.7295630140987,12
mutation_only,4,50,2550,12.448331477354788,12.663289829233111,0.0551280022815096,12.72736184954957,12
mutation_only,4,51,2600,12.448331477354788,12.660679631976564,0.05310191526786769,12.72736184954957,12
mutation_only,4,52,2650,12.448331477354788,12.647904486574827,0.0564246799818785,12.72736184954957,12
mutation_only,4,53,2700,12.448331477354788,12.629681600501963,0.06283813733204179,12.700000000000001,12
mutation_only,4,54,2750,12.448331477354788,12.621864934856855,0.06224232266979065,12.679795897113271,12
mutation_only,4,55,2800,12.448331477354788,12.61572748316059,0.06549027371315355,12.679795897113271,12
mutation_only,4,56,2850,12.448331477354788,12.61405899769139,0.06454302268705331,12.679795897113271,12
mutation_only,4,57,2900,12.448331477354788,12.603361656620711,0.06679695681077284,12.671779788708136,12
mutation_only,4,58,2950,12.448331477354788,12.590319771410686,0.0624486307853272,12.66770782520313,12
mutation_only,4,59,3000,12.448331477354788,12.574769663582817,0.06651175564973419,12.634846922834953,12
mutation_only,4,60,3050,12.448331477354788,12.573871940287964,0.06584291837476254,12.634846922834953,12
mutation_only,4,61,3100,12.448331477354788,12.56540935646298,0.06611739044973765,12.627361849549569,12
mutation_only,4,62,3150,12.448331477354788,12.56510703858974,0.06585016426930786,12.627361849549569,12
mutation_only,4,63,3200,12.378232998312527,12.560124461565,0.07023064124244538,12.627361849549569,13
mutation_only,4,64,3250,12.378232998312527,12.552963246677209,0.07211194193530938,12.627361849549569,13
mutation_only,4,65,3300,12.378232998312527,12.549203711425978,0.06989543185857594,12.627361849549569,13
mutation_only,4,66,3350,12.378232998312527,12.538764206967533,0.07117128090900725,12.619803902718557,13
mutation_only,4,67,3400,12.378232998312527,12.530485408862013,0.07022754324805909,12.619803902718557,13
mutation_only,4,68,3450,12.378232998312527,12.522943095004441,0.06795335393075207,12.612403840463596,13
mutation_only,4,69,3500,12.378232998312527,12.511817305955738,0.06481143524640073,12.612403840463596,13
mutation_only,4,70,3550,12.378232998312527,12.503982511585516,0.06099725060730749,12.612403840463596,13
mutation_only,4,71,3600,12.378232998312527,12.493890092989716,0.05509314060031883,12.612403840463596,13
mutation_only,4,72,3650,12.378232998312527,12.488599098311232,0.052431397603384236,12.548808848170152,13
mutation_only,4,73,3700,12.378232998312527,12.480637196968118,0.053052505857637246,12.548808848170152,13
mutation_only,4,74,3750,12.378232998312527,12.4728656705388,0.049570353245788915,12.54833147735479,13
mutation_only,4,75,3800,12.378232998312527,12.461899040991705,0.04383818435025396,12.54833147735479,13
mutation_only,4,76,3850,12.378232998312527,12.45541850924087,0.03661389385210986,12.54833147735479,13
mutation_only,4,77,3900,12.378232998312527,12.442137061978695,0.01872754719653359,12.460232526704262,13
mutation_only,4,78,3950,12.378232998312527,12.440694390457617,0.019282633238649184,12.448331477354788,13
mutation_only,4,79,4000,12.378232998312527,12.439292420876773,0.021135667345962957,12.448331477354788,13
mutation_only,4,80,4050,12.378232998312527,12.437890451295928,0.022752623723230704,12.448331477354788,13
mutation_only,4,81,4100,12.378232998312527,12.436488481715083,0.024180907778894607,12.448331477354788,13
mutation_only,4,82,4150,12.378232998312527,12.432717913006297,0.026915793870819875,12.448331477354788,13
mutation_only,4,83,4200,12.378232998312527,12.432717913006297,0.026915793870819875,12.448331477354788,13
mutation_only,4,84,4250,12.274165738677395,12.427832628651904,0.03539760696825152,12.448331477354788,14
mutation_only,4,85,4300,12.274165738677395,12.42294734429751,0.0416387943150927,12.448331477354788,14
mutation_only,4,86,4350,12.274165738677395,12.418062059943118,0.04654949837005581,12.448331477354788,14
mutation_only,4,87,4400,12.274165738677395,12.413612115622476,0.05030956245579224,12.448331477354788,14
mutation_only,4,88,4450,12.274165738677395,12.409796831639493,0.049948851079984466,12.448331477354788,14
mutation_only,4,89,4500,12.274165738677395,12.407428232511554,0.049514904576852,12.448331477354788,14
mutation_only,4,90,4550,12.274165738677395,12.40254294815716,0.05227965028325996,12.448331477354788,14
mutation_only,4,91,4600,12.274165738677395,12.395553960972968,0.057075898405081614,12.448331477354788,14
mutation_only,4,92,4650,12.274165738677395,12.38970204707148,0.05794292863467155,12.448331477354788,14
mutation_only,4,93,4700,12.200000000000001,12.381909120725597,0.06174796296717066,12.448331477354788,14
mutation_only,4,94,4750,12.200000000000001,12.379105181563908,0.06024128345582814,12.448331477354788,14
mutation_only,4,95,4800,12.200000000000001,12.374219897209514,0.06028031167441152,12.448331477354788,14
mutation_only,4,96,4850,12.200000000000001,12.370736582435965,0.060925763518493485,12.448331477354788,14
mutation_only,4,97,4900,12.200000000000001,12.355401353760929,0.06018206380815357,12.447213595499958,14
mutation_only,4,98,4950,12.200000000000001,12.345018482351575,0.0583460455472068,12.447213595499958,14
mutation_only,4,99,5000,12.200000000000001,12.340686845147625,0.056570600353265596,12.4,14
mutation_only,4,100,5050,12.200000000000001,12.334170159921173,0.05917263340868697,12.4,14
crossover,0,0,50,18.72736184954957,20.791370676137408,0.9392805008382156,22.99722114972099,21
crossover,0,1,100,15.791015291668744,19.22774825685024,0.9516936204182928,20.159126028197402,9
crossover,0,2,150,15.133630940518895,17.801429613896936,0.9543764629699314,18.867156809750927,9
crossover,0,3,200,15.133630940518895,16.60680331777327,0.6247021854044327,17.435415650406263,9
crossover,0,4,250,14.627361849549569,16.0946583886486,0.5055872721368152,16.63321838943783,15
crossover,0,5,300,14.612403840463596,15.619811808028517,0.38235927608741815,16.18208554864871,15
crossover,0,6,350,14.612403840463596,15.360407802309942,0.2768975846195342,15.791015291668744,15
crossover,0,7,400,14.512403840463595,15.14903851111629,0.22954049186208925,15.4,15
crossover,0,8,450,14.200000000000001,14.938777426044048,0.2760878268604935,15.219090595827293,15
crossover,0,9,500,13.98309518948453,14.744067035710577,0.30402480329734755,15.133630940518895,15
crossover,0,10,550,13.95472369909914,14.52593820427363,0.24496797561897854,14.869535971483266,11
crossover,0,11,600,13.95472369909914,14.363265164270446,0.1939750949552455,14.664054992217052,11
crossover,0,12,650,13.866190378969058,14.248035739878391,0.16014154865231,14.449545416973503,14
crossover,0,13,700,13.80990195135928,14.179825535184804,0.1527919654028157,14.4,15
crossover,0,14,750,13.80990195135928,14.126208137726247,0.13232307974492483,14.329563014098701,15
crossover,0,15,800,13.7295630140987,14.068906718361607,0.11669269933418489,14.22474487139159,14
crossover,0,16,850,13.571779788708135,14.019040636582686,0.12424180166269859,14.171779788708136,14
crossover,0,17,900,13.571779788708135,13.99119212333862,0.11939930377066382,14.12664991614216,14
crossover,0,18,950,13.571779788708135,13.926986932577416,0.12422766912400862,14.095445115010332,14
crossover,0,19,1000,13.571779788708135,13.896063442085694,0.1163489094448178,14.008304597359459,14
crossover,0,20,1050,13.571779788708135,13.877107086372966,0.11270122356570317,14.008304597359459,14
crossover,0,21,1100,13.571779788708135,13.855507835804367,0.10356721578605949,14.008304597359459,14
crossover,0,22,1150,13.571779788708135,13.818170702715406,0.09994898939618693,13.95472369909914,14
crossover,0,23,1200,13.571779788708135,13.791877034645506,0.09660199105630445,13.919803902718558,14
crossover,0,24,1250,13.571779788708135,13.746657658741844,0.0811354442482302,13.87082869338697,14
crossover,0,25,1300,13.571779788708135,13.735779341953956,0.07601686039164597,13.869535971483266,14
crossover,0,26,1350,13.571779788708135,13.72324148173532,0.068141877652266,13.845207879911715,14
crossover,0,27,1400,13.571779788708135,13.704192465968234,0.05783028381990977,13.81494416796099,14
crossover,0,28,1450,13.571779788708135,13.700712929900996,0.05627489701834241,13.81494416796099,14
crossover,0,29,1500,13.571779788708135,13.688652762442276,0.05005128341573142,13.7295630140987,14
crossover,0,30,1550,13.571779788708135,13.686243902065758,0.050730733954785515,13.7295630140987,14
crossover,0,31,1600,13.571779788708135,13.68327939234926,0.05063726477464611,13.7295630140987,14
crossover,0,32,1650,13.571779788708135,13.673122529683633,0.05325074486703235,13.7295630140987,14
crossover,0,33,1700,13.571779788708135,13.665666624207363,0.050821102941611594,13.727566688249707,14
crossover,0,34,1750,13.571779788708135,13.661870467108244,0.05007799357053023,13.727566688249707,14
crossover,0,35,1800,13.571779788708135,13.657917333668074,0.04829466700724186,13.72474487139159,14
crossover,0,36,1850,13.571779788708135,13.652628165077637,0.04804659234537792,13.713552872566003,14
crossover,0,37,1900,13.571779788708135,13.646345062479822,0.04693136612162418,13.713552872566003,14
crossover,0,38,1950,13.571779788708135,13.641980520611908,0.044000367767553984,13.713552872566003,14
crossover,0,39,2000,13.571779788708135,13.634850354347515,0.04068647981040879,13.70293863659264,14
crossover,0,40,2050,13.571779788708135,13.629468598703477,0.03839301883618621,13.70293863659264,14
crossover,0,41,2100,13.571779788708135,13.625877026890487,0.03691099350147653,13.683266665599966,14
crossover,0,42,2150,13.571779788708135,13.625877026890487,0.03691099350147653,13.683266665599966,14
crossover,0,43,2200,13.18309518948453,13.6086306926595,0.06918988651536614,13.683266665599966,15
crossover,0,44,2250,13.18309518948453,13.598260622232536,0.06800941906659018,13.66770782520313,15
crossover,0,45,2300,13.18309518948453,13.587189779747309,0.06994605222951136,13.660107523773828,15
crossover,0,46,2350,13.18309518948453,13.566944598335184,0.09056138042741853,13.627361849549569,15
crossover,0,47,2400,13.18309518948453,13.53729920109602,0.11638075224349438,13.619803902718557,15
crossover,0,48,2450,13.18309518948453,13.514532554372646,0.13107902731846693,13.6131126469709,15
crossover,0,49,2500,13.18309518948453,13.501530213635554,0.13246322545509898,13.612403840463596,15
crossover,0,50,2550,13.18309518948453,13.48431573210416,0.13578264048020175,13.612403840463596,15
crossover,0,51,2600,12.974165738677394,13.436572176774131,0.15422312303293811,13.571779788708135,15
crossover,0,52,2650,12.974165738677394,13.405340624592693,0.15967771585573004,13.571779788708135,15
crossover,0,53,2700,12.974165738677394,13.370435221759628,0.16122299174201607,13.571779788708135,15
crossover,0,54,2750,12.974165738677394,13.306213402844183,0.14359008057216457,13.48309518948453,15
crossover,0,55,2800,12.974165738677394,13.26599120464841,0.1434025477259493,13.478232998312528,15
crossover,0,56,2850,12.974165738677394,13.225202985916253,0.12467662844733762,13.4,15
crossover,0,57,2900,12.974165738677394,13.185318481467554,0.1060521832903414,13.341640786499873,15
crossover,0,58,2950,12.974165738677394,13.168115716664635,0.09942179510346892,13.30990195135928,15
crossover,0,59,3000,12.974165738677394,13.152361594670113,0.097730712456407,13.299999999999999,15
crossover,0,60,3050,12.974165738677394,13.131251741677385,0.08906559128809342,13.274165738677395,15
crossover,0,61,3100,12.974165738677394,13.10483311304983,0.08417699077315972,13.209901951359278,15
crossover,0,62,3150,12.974165738677394,13.090100683094715,0.07850520593310349,13.209901951359278,15
crossover,0,63,3200,12.974165738677394,13.070421829247259,0.07065596057903498,13.18309518948453,15
crossover,0,64,3250,12.866190378969058,13.06242182924726,0.0726096439215629,13.18309518948453,12
crossover,0,65,3300,12.866190378969058,13.054164985855103,0.06708246515016454,13.18309518948453,12
crossover,0,66,3350,12.866190378969058,13.039233961397263,0.06355704264595603,13.140175425099137,12
crossover,0,67,3400,12.866190378969058,13.031171245345483,0.060881709494108587,13.1,12
crossover,0,68,3450,12.460232526704262,13.013342525426665,0.09876173838808668,13.1,13
crossover,0,69,3500,12.334846922834952,12.985733298695138,0.13067742550801728,13.1,13
crossover,0,70,3550,12.334846922834952,12.959935940645016,0.1343636754741348,13.06287388383278,13
crossover,0,71,3600,12.334846922834952,12.935089293461699,0.1314144211910841,13.013552872566004,13
crossover,0,72,3650,12.334846922834952,12.921029875483173,0.13326026177745456,13.0,13
crossover,0,73,3700,12.334846922834952,12.866535937370902,0.17354483402373258,13.0,13
crossover,0,74,3750,12.334846922834952,12.830469481328718,0.18335433067469006,12.974165738677394,13
crossover,0,75,3800,12.334846922834952,12.774813962425632,0.1866209188533013,12.974165738677394,13
crossover,0,76,3850,12.334846922834952,12.717226436022383,0.1760749980743915,12.878404875209021,13
crossover,0,77,3900,12.334846922834952,12.696605012500072,0.17158830855646587,12.866190378969058,13
crossover,0,78,3950,12.334846922834952,12.659412955745772,0.16330572084876038,12.841640786499873,13
crossover,0,79,4000,12.334846922834952,12.631634566205452,0.1542119906038283,12.840967364599086,13
crossover,0,80,4050,12.334846922834952,12.594764522120833,0.1381277664732725,12.757583690279022,13
crossover,0,81,4100,12.334846922834952,12.580257778484746,0.13156511428936438,12.7295630140987,13
crossover,0,82,4150,12.30990195135928,12.551241039199887,0.13248129742282702,12.72736184954957,13
crossover,0,83,4200,12.30990195135928,12.539361627135902,0.12349647643648339,12.72736184954957,13
crossover,0,84,4250,12.30990195135928,12.530001873444148,0.11620458309066843,12.679795897113271,13
crossover,0,85,4300,12.30990195135928,12.509501207671915,0.11376001669059128,12.627361849549569,13
crossover,0,86,4350,12.30990195135928,12.498652905689879,0.11361169246840772,12.627361849549569,13
crossover,0,87,4400,12.30990195135928,12.487506995008191,0.11047203164435741,12.627361849549569,13
crossover,0,88,4450,12.30990195135928,12.468799581843989,0.10873009224230346,12.627361849549569,13
crossover,0,89,4500,12.30990195135928,12.462114408930177,0.10380172199865227,12.627361849549569,13
crossover,0,90,4550,12.30990195135928,12.450912194322012,0.09332163348569653,12.569535971483266,13
crossover,0,91,4600,12.30990195135928,12.446218413349046,0.09313907145427064,12.569535971483266,13
crossover,0,92,4650,12.30990195135928,12.425118330564251,0.08857375393747056,12.569535971483266,13
crossover,0,93,4700,12.30990195135928,12.415231869188807,0.08568421318722333,12.569535971483266,13
crossover,0,94,4750,12.30990195135928,12.397511058715644,0.07257452481954461,12.548808848170152,13
crossover,0,95,4800,12.30990195135928,12.379998955157724,0.06322743081314364,12.460232526704262,13
crossover,0,96,4850,12.30990195135928,12.374484631573436,0.0620390934959725,12.460232526704262,13
crossover,0,97,4900,12.30990195135928,12.366462595911765,0.05907282238320106,12.460232526704262,13
crossover,0,98,4950,12.30990195135928,12.360948272327478,0.05649293521156137,12.460232526704262,13
crossover,0,99,5000,12.30990195135928,12.355932848172706,0.05290797615192331,12.460232526704262,13
crossover,0,100,5050,12.30990195135928,12.34741191308152,0.04655736561020246,12.460232526704262,13
crossover,1,0,50,18.456465996625056,20.789289771048825,1.045219830876029,22.900000000000002,21
crossover,1,1,100,16.53938769133981,19.06651561047913,0.8513276010567915,20.126785107312738,14
crossover,1,2,150,15.549193338482967,17.40545958871225,0.8057889796926961,18.52664991614216,17
crossover,1,3,200,15.343908891458577,16.428840236846277,0.41380451596363027,17.03938769133981,16
crossover,1,4,250,14.919803902718558,15.99525491583908,0.31680657339744356,16.379121258139406,17
crossover,1,5,300,14.70185121722126,15.668338621572616,0.3219873283109631,16.022862220714998,12
crossover,1,6,350,14.196150997149434,15.329622404652362,0.35078903749001533,15.687817782917154,12
crossover,1,7,400,13.841653005427768,14.893583799519734,0.3491518348671612,15.343908891458577,10
crossover,1,8,450,13.841653005427768,14.619359348756138,0.22082464727335033,14.938181191654584,10
crossover,1,9,500,13.68193472919817,14.426477913229501,0.2681148869378605,14.70185121722126,10
crossover,1,10,550,13.529822128134704,14.23491723110861,0.24938252042325143,14.5494443758404,10
crossover,1,11,600,13.529822128134704,14.067493540499598,0.23697413098163114,14.367156809750927,10
crossover,1,12,650,13.529822128134704,13.914662778276977,0.1862441694772874,14.196150997149434,10
crossover,1,13,700,13.529822128134704,13.815525316405088,0.15037841735673876,14.05329983228432,10
crossover,1,14,750,13.43238075793812,13.758231445276303,0.13818206840090527,13.917935662402835,10
crossover,1,15,800,13.105547008526779,13.71475052236085,0.1580140763595231,13.880697580112788,11
crossover,1,16,850,13.105547008526779,13.665346503279297,0.16549052258432342,13.841653005427768,11
crossover,1,17,900,13.105547008526779,13.60854684347109,0.1784637205886101,13.816609194718914,11
crossover,1,18,950,12.866190378969058,13.563779382229592,0.18781353902627496,13.761706725018236,12
crossover,1,19,1000,12.866190378969058,13.511167249462899,0.18413089817708586,13.700000000000001,12
crossover,1,20,1050,12.866190378969058,13.473795496632833,0.16799627199538839,13.68193472919817,12
crossover,1,21,1100,12.866190378969058,13.416264605314531,0.18165915407939956,13.588435821108957,12
crossover,1,22,1150,12.779795897113273,13.36239894323965,0.19871024471400364,13.537211521390788,12
crossover,1,23,1200,12.779795897113273,13.302261997629726,0.1986841757247858,13.509980079602226,12
crossover,1,24,1250,12.779795897113273,13.268631958777927,0.18626625287718784,13.481488772222677,12
crossover,1,25,1300,12.779795897113273,13.227605204874017,0.17314208468320993,13.423538406167134,12
crossover,1,26,1350,12.779795897113273,13.15023235085702,0.17451092861405276,13.4,12
crossover,1,27,1400,12.779795897113273,13.119383993694653,0.16291339025015777,13.368438714135813,12
crossover,1,28,1450,12.779795897113273,13.065160044651133,0.155746420861243,13.269693845669908,12
crossover,1,29,1500,12.779795897113273,13.038509274600871,0.14371957385632264,13.2131126469709,12
crossover,1,30,1550,12.779795897113273,13.011892699260649,0.13831506433653218,13.14355957741627,12
crossover,1,31,1600,12.779795897113273,13.002815439010705,0.13616162904244902,13.140967364599087,12
crossover,1,32,1650,12.779795897113273,12.992335521592402,0.13582154736565033,13.140967364599087,12
crossover,1,33,1700,12.779795897113273,12.971181408503552,0.1323943728342009,13.135270009440731,12
crossover,1,34,1750,12.779795897113273,12.958873752429726,0.12382115894044093,13.12664991614216,12
crossover,1,35,1800,12.779795897113273,12.939287409011124,0.11761961712266582,13.1,12
crossover,1,36,1850,12.779795897113273,12.90578677185741,0.10096300537175959,13.057583690279023,12
crossover,1,37,1900,12.779795897113273,12.893245886097517,0.09461515126873146,13.04899959967968,12
crossover,1,38,1950,12.779795897113273,12.870382065489554,0.083616688642605,13.024807680927193,12
crossover,1,39,2000,12.779795897113273,12.860821706470567,0.07543974899046053,13.024807680927193,12
crossover,1,40,2050,12.779795897113273,12.852749124755126,0.068426699817978,13.008304597359459,12
crossover,1,41,2100,12.779795897113273,12.840892276508326,0.05536746850851051,12.966190378969062,12
crossover,1,42,2150,12.779795897113273,12.833751928498478,0.05177753810680992,12.908304597359457,12
crossover,1,43,2200,12.779795897113273,12.832067359762862,0.049978413199726915,12.908304597359457,12
crossover,1,44,2250,12.779795897113273,12.82865490139013,0.04828712025901005,12.908304597359457,12
crossover,1,45,2300,12.779795897113273,12.825242443017398,0.04628347907798536,12.908304597359457,12
crossover,1,46,2350,12.779795897113273,12.82126524840405,0.04316266930096392,12.866190378969058,12
crossover,1,47,2400,12.779795897113273,12.819537358766933,0.04305878787646278,12.866190378969058,12
crossover,1,48,2450,12.779795897113273,12.814353689855587,0.04232447942776294,12.866190378969058,12
crossover,1,49,2500,12.779795897113273,12.810897910581355,0.04146935129077718,12.866190378969058,12
crossover,1,50,2550,12.779795897113273,12.810897910581355,0.04146935129077718,12.866190378969058,12
crossover,1,51,2600,12.779795897113273,12.810897910581355,0.04146935129077718,12.866190378969058,12
crossover,1,52,2650,12.779795897113273,12.807442131307123,0.040300965414493774,12.866190378969058,12
crossover,1,53,2700,12.779795897113273,12.802258462395777,0.03789557823365352,12.866190378969058,12
crossover,1,54,2750,12.779795897113273,12.802258462395777,0.03789557823365352,12.866190378969058,12
crossover,1,55,2800,12.779795897113273,12.795346903847314,0.03319167604507407,12.866190378969058,12
crossover,1,56,2850,12.779795897113273,12.793619014210199,0.031672740218450186,12.866190378969058,12
crossover,1,57,2900,12.779795897113273,12.791891124573082,0.02997776479348679,12.866190378969058,12
crossover,1,58,2950,12.779795897113273,12.791891124573082,0.02997776479348679,12.866190378969058,12
crossover,1,59,3000,12.779795897113273,12.78843534529885,0.02591834455673574,12.866190378969058,12
crossover,1,60,3050,12.779795897113273,12.784979566024619,0.02051755263975982,12.866190378969058,12
crossover,1,61,3100,12.779795897113273,12.783251676387504,0.016929791771105176,12.866190378969058,12
crossover,1,62,3150,12.779795897113273,12.783251676387504,0.016929791771105176,12.866190378969058,12
crossover,1,63,3200,12.779795897113273,12.781523786750387,0.012095227459810011,12.866190378969058,12
crossover,1,64,3250,12.779795897113273,12.779795897113273,0.0,12.779795897113273,12
crossover,1,65,3300,12.779795897113273,12.779795897113273,0.0,12.779795897113273,12
crossover,1,66,3350,12.779795897113273,12.779795897113273,0.0,12.779795897113273,12
crossover,1,67,3400,12.779795897113273,12.779795897113273,0.0,12.779795897113273,12
crossover,1,68,3450,12.779795897113273,12.779795897113273,0.0,12.779795897113273,12
crossover,1,69,3500,12.779795897113273,12.779795897113273,0.0,12.779795897113273,12
crossover,1,70,3550,12.779795897113273,12.779795897113273,0.0,12.779795897113273,12
crossover,1,71,3600,12.779795897113273,12.779795897113273,0.0,12.779795897113273,12
crossover,1,72,3650,12.779795897113273,12.779795897113273,0.0,12.779795897113273,12
crossover,1,73,3700,12.779795897113273,12.779795897113273,0.0,12.779795897113273,12
crossover,1,74,3750,12.779795897113273,12.779795897113273,0.0,12.779795897113273,12
crossover,1,75,3800,12.779795897113273,12.779795897113273,0.0,12.779795897113273,12
crossover,1,76,3850,12.779795897113273,12.779795897113273,0.0,12.779795897113273,12
crossover,1,77,3900,12.779795897113273,12.779795897113273,0.0,12.779795897113273,12
crossover,1,78,3950,12.779795897113273,12.779795897113273,0.0,12.779795897113273,12
crossover,1,79,4000,12.779795897113273,12.779795897113273,0.0,12.779795897113273,12
crossover,1,80,4050,12.779795897113273,12.779795897113273,0.0,12.779795897113273,12
crossover,1,81,4100,12.779795897113273,12.779795897113273,0.0,12.779795897113273,12
crossover,1,82,4150,12.779795897113273,12.779795897113273,0.0,12.779795897113273,12
crossover,1,83,4200,12.779795897113273,12.779795897113273,0.0,12.779795897113273,12
crossover,1,84,4250,12.779795897113273,12.779795897113273,0.0,12.779795897113273,12
crossover,1,85,4300,12.779795897113273,12.779795897113273,0.0,12.779795897113273,12
crossover,1,86,4350,12.779795897113273,12.779795897113273,0.0,12.779795897113273,12
crossover,1,87,4400,12.779795897113273,12.779795897113273,0.0,12.779795897113273,12
crossover,1,88,4450,12.779795897113273,12.779795897113273,0.0,12.779795897113273,12
crossover,1,89,4500,12.779795897113273,12.779795897113273,0.0,12.779795897113273,12
crossover,1,90,4550,12.779795897113273,12.779795897113273,0.0,12.779795897113273,12
crossover,1,91,4600,12.779795897113273,12.779795897113273,0.0,12.779795897113273,12
crossover,1,92,4650,12.779795897113273,12.779795897113273,0.0,12.779795897113273,12
crossover,1,93,4700,12.779795897113273,12.779795897113273,0.0,12.779795897113273,12
crossover,1,94,4750,12.779795897113273,12.779795897113273,0.0,12.779795897113273,12
crossover,1,95,4800,12.779795897113273,12.779795897113273,0.0,12.779795897113273,12
crossover,1,96,4850,12.779795897113273,12.779795897113273,0.0,12.779795897113273,12
crossover,1,97,4900,12.779795897113273,12.779795897113273,0.0,12.779795897113273,12
crossover,1,98,4950,12.779795897113273,12.779795897113273,0.0,12.779795897113273,12
crossover,1,99,5000,12.779795897113273,12.779795897113273,0.0,12.779795897113273,12
crossover,1,100,5050,12.779795897113273,12.779795897113273,0.0,12.779795897113273,12
crossover,2,0,50,18.83390796058137,20.69506857062624,0.8407457322376795,22.56767050061961,21
crossover,2,1,100,16.957066051117284,19.252943230902268,0.7915663112987317,20.055294535724684,17
crossover,2,2,150,15.533907960581372,17.916452549884358,0.7482061556033348,18.98148877222268,13
crossover,2,3,200,15.121320343559642,16.9362466427638,0.6093478253389849,17.66687763290548,11
crossover,2,4,250,15.121320343559642,16.156491732212622,0.35088953266976114,16.657342370508886,11
crossover,2,5,300,14.86397674405503,15.780226990619976,0.28941591053970667,16.087761134463374,12
crossover,2,6,350,14.86397674405503,15.518464802898972,0.27388282377472734,15.87571129984594,12
crossover,2,7,400,14.5494443758404,15.29297086154434,0.2420591252142345,15.6,11
crossover,2,8,450,14.5494443758404,15.135512567782346,0.19723823567284696,15.423243291566195,11
crossover,2,9,500,14.48790581563873,14.98667763907474,0.17862867369759974,15.200000000000001,12
crossover,2,10,550,14.236877428271624,14.819450457558416,0.1832109625358419,15.057641145488901,12
crossover,2,11,600,14.236877428271624,14.728094618636035,0.1783424688334562,14.938181191654584,12
crossover,2,12,650,14.208607914449798,14.643986026087173,0.1809989218740623,14.861547262794321,12
crossover,2,13,700,14.00516780926679,14.5496143560183,0.18317850742070646,14.781934729198172,12
crossover,2,14,750,13.927105745132009,14.371793292453367,0.16545094756210002,14.58998327754521,13
crossover,2,15,800,13.917800560721073,14.282816515388168,0.14535374719967195,14.476819745345026,12
crossover,2,16,850,13.917800560721073,14.227069635536283,0.1423161071828124,14.380972058177587,12
crossover,2,17,900,13.906659275674581,14.15129431369225,0.12082063285795923,14.322327839240492,12
crossover,2,18,950,13.906659275674581,14.086910717476817,0.10439540214215165,14.238612787525831,12
crossover,2,19,1000,13.662049935181331,14.029977408695045,0.10104105870119601,14.174021572639983,13
crossover,2,20,1050,13.662049935181331,13.984269413979298,0.10226177500637332,14.103569153775238,13
crossover,2,21,1100,13.429705854077836,13.942609755816836,0.12381966600927387,14.077902338672773,13
crossover,2,22,1150,13.429705854077836,13.894663972965553,0.1239247369229487,14.016609194718914,13
crossover,2,23,1200,13.429705854077836,13.868264634808247,0.12271931185004872,13.995829710142187,13
crossover,2,24,1250,12.919803902718558,13.805520992763846,0.1720733689790816,13.949576240750524,14
crossover,2,25,1300,12.866190378969058,13.73063970382873,0.21468094817156583,13.923538406167134,13
crossover,2,26,1350,12.866190378969058,13.686161620655168,0.1941995438655402,13.898275349237888,13
crossover,2,27,1400,12.866190378969058,13.546573847369954,0.2432502635286533,13.755294535724685,13
crossover,2,28,1450,12.866190378969058,13.429601830954574,0.28164689854925257,13.70293863659264,13
crossover,2,29,1500,12.866190378969058,13.323191735684343,0.25325920106851746,13.6131126469709,13
crossover,2,30,1550,12.866190378969058,13.237723844653521,0.2189165427074579,13.491153452528778,13
crossover,2,31,1600,12.866190378969058,13.182967580355532,0.19299635794058642,13.43469899493758,13
crossover,2,32,1650,12.866190378969058,13.136679485092403,0.1737058349535568,13.391153452528776,13
crossover,2,33,1700,12.866190378969058,13.08609762273742,0.14476643057232413,13.299999999999999,13
crossover,2,34,1750,12.866190378969058,13.060326116821908,0.1352149406606916,13.255294535724685,13
crossover,2,35,1800,12.866190378969058,13.047674577749198,0.12481674690413999,13.235270009440733,13
crossover,2,36,1850,12.866190378969058,13.021913300584822,0.11134849248364655,13.163818169698587,13
crossover,2,37,1900,12.866190378969058,12.983645803342354,0.1012616056464781,13.12664991614216,13
crossover,2,38,1950,12.866190378969058,12.973711683535628,0.0959642835298718,13.119803902718557,13
crossover,2,39,2000,12.866190378969058,12.962206718320067,0.08845944204623464,13.088409872672514,13
crossover,2,40,2050,12.829563014098701,12.942056731694125,0.08135652917926672,13.088409872672514,14
crossover,2,41,2100,12.829563014098701,12.919279131552798,0.0642657100469305,13.069535971483266,14
crossover,2,42,2150,12.829563014098701,12.899832843013742,0.047644712410271274,12.992838827718412,14
crossover,2,43,2200,12.829563014098701,12.89424344252586,0.04203288477913868,12.988409872672513,14
crossover,2,44,2250,12.829563014098701,12.882780653493585,0.029533751957046175,12.988409872672513,14
crossover,2,45,2300,12.829563014098701,12.875006860448577,0.019785825691667064,12.914213562373096,14
crossover,2,46,2350,12.829563014098701,12.868373812679593,0.013387054067182741,12.880624847486569,14
crossover,2,47,2400,12.829563014098701,12.866775197271135,0.014070132592959911,12.880624847486569,14
crossover,2,48,2450,12.829563014098701,12.86561028516099,0.014731145333676842,12.880624847486569,14
crossover,2,49,2500,12.829563014098701,12.862401561229756,0.01644521888627996,12.877032961426902,14
crossover,2,50,2550,12.829563014098701,12.859336512740906,0.017575943380037328,12.877032961426902,14
crossover,2,51,2600,12.829563014098701,12.857437714847778,0.018117401283610793,12.877032961426902,14
crossover,2,52,2650,12.478232998312528,12.847861761691457,0.05562557729148917,12.877032961426902,14
crossover,2,53,2700,12.478232998312528,12.842564244818497,0.05883495646672849,12.877032961426902,14
crossover,2,54,2750,12.478232998312528,12.825364003348266,0.09178617467600346,12.866190378969058,14
crossover,2,55,2800,12.478232998312528,12.819396286068095,0.09174487075555551,12.866190378969058,14
crossover,2,56,2850,12.478232998312528,12.802008443326072,0.10677243717872838,12.866190378969058,14
crossover,2,57,2900,12.478232998312528,12.78384110228972,0.11629423035501965,12.866190378969058,14
crossover,2,58,2950,12.478232998312528,12.76124386548849,0.12239254501900519,12.840967364599086,14
crossover,2,59,3000,12.478232998312528,12.735858167043348,0.12668075668651266,12.829563014098701,14
crossover,2,60,3050,12.478232998312528,12.699388304354102,0.136636488031131,12.829563014098701,14
crossover,2,61,3100,12.478232998312528,12.660602596227271,0.13603059870014303,12.829563014098701,14
crossover,2,62,3150,12.478232998312528,12.631740660555536,0.12074597593827621,12.822497216032183,14
crossover,2,63,3200,12.478232998312528,12.615956133207442,0.10573362652096523,12.816515138991168,14
crossover,2,64,3250,12.478232998312528,12.606388932985665,0.09933000970858119,12.7295630140987,14
crossover,2,65,3300,12.478232998312528,12.586877901983827,0.09461920724761388,12.7295630140987,14
crossover,2,66,3350,12.460232526704262,12.548357061459132,0.06799830024539054,12.634846922834953,14
crossover,2,67,3400,12.460232526704262,12.521099907892406,0.058614323565014594,12.612403840463596,14
crossover,2,68,3450,12.460232526704262,12.499955980559088,0.044168606424625605,12.612403840463596,14
crossover,2,69,3500,12.460232526704262,12.4908836097283,0.029593085894079114,12.569535971483266,14
crossover,2,70,3550,12.460232526704262,12.48376767259329,0.020859010957163415,12.54833147735479,14
crossover,2,71,3600,12.460232526704262,12.480603723999433,0.016432866038019692,12.54833147735479,14
crossover,2,72,3650,12.460232526704262,12.477079765973413,0.00952566481886402,12.512403840463595,14
crossover,2,73,3700,12.460232526704262,12.47499291342304,0.006915555362406596,12.478232998312528,14
crossover,2,74,3750,12.460232526704262,12.47427289455871,0.007456628825775789,12.478232998312528,14
crossover,2,75,3800,12.460232526704262,12.473912885126545,0.007687697757396964,12.478232998312528,14
crossover,2,76,3850,12.460232526704262,12.473192866262213,0.008082191707017976,12.478232998312528,14
crossover,2,77,3900,12.460232526704262,12.472832856830047,0.008248852368978248,12.478232998312528,14
crossover,2,78,3950,12.4,12.471268196863798,0.013080698556083301,12.478232998312528,14
crossover,2,79,4000,12.4,12.470908187431633,0.01313166474811432,12.478232998312528,14
crossover,2,80,4050,12.4,12.469468149702971,0.013236021328137197,12.478232998312528,14
crossover,2,81,4100,12.4,12.46622543102107,0.016357390922354897,12.478232998312528,14
crossover,2,82,4150,12.4,12.464425383860243,0.015921601395421564,12.478232998312528,14
crossover,2,83,4200,12.4,12.462509304157601,0.01567283533149812,12.478232998312528,14
crossover,2,84,4250,12.4,12.461429275861107,0.015164044832058786,12.478232998312528,14
crossover,2,85,4300,12.4,12.459031198281124,0.013924364846226764,12.478232998312528,14
crossover,2,86,4350,12.4,12.457951169984629,0.013064666822451302,12.478232998312528,14
crossover,2,87,4400,12.4,12.457353139565475,0.012804358528205582,12.478232998312528,14
crossover,2,88,4450,12.4,12.45542847016706,0.014448597673822628,12.460232526704262,14
crossover,2,89,4500,12.4,12.452543127124908,0.01798604342298822,12.460232526704262,14
crossover,2,90,4550,12.4,12.452305106137919,0.01796143999186242,12.460232526704262,14
crossover,2,91,4600,12.4,12.450862434616845,0.0193145163715334,12.460232526704262,14
crossover,2,92,4650,12.4,12.448943721121791,0.020358518632621465,12.460232526704262,14
crossover,2,93,4700,12.4,12.448467679147814,0.020227708060773033,12.460232526704262,14
crossover,2,94,4750,12.4,12.445582336105662,0.02199380405466529,12.460232526704262,14
crossover,2,95,4800,12.4,12.441730363516417,0.024011155629078403,12.460232526704262,14
crossover,2,96,4850,12.4,12.441730363516417,0.024011155629078403,12.460232526704262,14
crossover,2,97,4900,12.4,12.439321062448249,0.025033868875386535,12.460232526704262,14
crossover,2,98,4950,12.4,12.43811641191416,0.025444459912824693,12.460232526704262,14
crossover,2,99,5000,12.4,12.437640369940183,0.025135690271728153,12.460232526704262,14
crossover,2,100,5050,12.4,12.43548363545814,0.024770764992015724,12.460232526704262,14
crossover,3,0,50,18.2,20.796211740632767,1.038693636569909,22.697221149720992,21
crossover,3,1,100,16.106404996924923,18.874813857029086,1.01452239169439,20.20332963783729,8
crossover,3,2,150,15.302172886644268,17.313795656404583,0.7237529111609227,18.2,11
crossover,3,3,200,14.75329983228432,16.267230744651307,0.5428571014537624,17.06201920231798,10
crossover,3,4,250,14.738612787525831,15.719836504819632,0.3655990208965236,16.24004830889689,10
crossover,3,5,300,14.577902338672773,15.422878944417286,0.2914508091459754,15.74165738677394,10
crossover,3,6,350,14.30384048104053,15.17438036111064,0.2848747646152385,15.507135583350037,14
crossover,3,7,400,14.30384048104053,14.955730176598477,0.2622596719748341,15.30142828000232,14
crossover,3,8,450,14.257583690279022,14.736874050937429,0.22844655075694728,15.010589071449369,14
crossover,3,9,500,14.057583690279023,14.543292326315193,0.17394980423061354,14.822611077089286,14
crossover,3,10,550,14.057583690279023,14.436236475566991,0.13509324382807278,14.605547008526779,14
crossover,3,11,600,14.008304597359459,14.384441125233916,0.12791871077222128,14.533907960581372,14
crossover,3,12,650,14.008304597359459,14.304994428774334,0.1398730630136533,14.483239697419133,14
crossover,3,13,700,14.008304597359459,14.278114138830128,0.13130542091398914,14.430950643030009,14
crossover,3,14,750,13.96619037896906,14.232861263938764,0.12134699725948066,14.4,14
crossover,3,15,800,13.516515138991167,14.162571315347572,0.16256140750692422,14.316515138991168,14
crossover,3,16,850,13.516515138991167,14.104063747338953,0.1626837625237263,14.288854381999831,14
crossover,3,17,900,13.516515138991167,14.044506418372894,0.1325416708289558,14.219090595827293,14
crossover,3,18,950,13.516515138991167,13.935957475129767,0.14310136236891796,14.095445115010332,14
crossover,3,19,1000,13.516515138991167,13.916836335660262,0.1405540487615422,14.057583690279023,14
crossover,3,20,1050,13.516515138991167,13.870680939110308,0.14290517900912614,14.04899959967968,14
crossover,3,21,1100,13.516515138991167,13.8217997789134,0.1257752638233255,14.008304597359459,14
crossover,3,22,1150,13.513552872566004,13.770962431916693,0.10553315599098902,13.919803902718558,14
crossover,3,23,1200,13.419803902718558,13.737606096612238,0.10565399218753146,13.85870331449229,14
crossover,3,24,1250,13.419803902718558,13.707432447394968,0.10937298890592537,13.822497216032183,14
crossover,3,25,1300,13.419803902718558,13.694804316793455,0.10450062120386999,13.822497216032183,14
crossover,3,26,1350,13.419803902718558,13.667565809987794,0.1079516842099175,13.799999999999999,14
crossover,3,27,1400,13.419803902718558,13.634530412083546,0.10753810134677542,13.757583690279022,14
crossover,3,28,1450,13.394427190999917,13.609402723123425,0.1053337789242448,13.7295630140987,14
crossover,3,29,1500,13.394427190999917,13.579162737105262,0.10051395631919748,13.713552872566003,14
crossover,3,30,1550,13.336660026534076,13.547926920333751,0.09350242412921586,13.66770782520313,14
crossover,3,31,1600,13.336660026534076,13.531922444299127,0.08401442529585425,13.640175425099137,14
crossover,3,32,1650,13.26332495807108,13.506922423886367,0.09360610249358214,13.627361849549569,14
crossover,3,33,1700,13.26332495807108,13.491296447686086,0.08712813679400926,13.619803902718557,14
crossover,3,34,1750,13.26332495807108,13.473921228861562,0.07516479098183862,13.588409872672514,14
crossover,3,35,1800,13.26332495807108,13.460403575112474,0.06894755976534045,13.569535971483266,14
crossover,3,36,1850,13.26332495807108,13.449304660400374,0.06207087996661535,13.557583690279023,14
crossover,3,37,1900,13.26332495807108,13.44461483992371,0.05950445006049051,13.516515138991167,14
crossover,3,38,1950,13.26332495807108,13.43312743628389,0.056299730485280926,13.513552872566004,14
crossover,3,39,2000,13.26332495807108,13.417473466747765,0.0493479647668385,13.508304597359459,14
crossover,3,40,2050,13.26332495807108,13.403048963773545,0.05164977851251785,13.460232526704262,14
crossover,3,41,2100,13.26332495807108,13.394364088548503,0.05641454990437535,13.460232526704262,14
crossover,3,42,2150,13.26332495807108,13.39022992849745,0.055138489422950555,13.448683298050513,14
crossover,3,43,2200,13.26332495807108,13.382112051985507,0.055508613589418464,13.448331477354788,14
crossover,3,44,2250,13.26332495807108,13.38103396625841,0.05473003673339284,13.448331477354788,14
crossover,3,45,2300,13.26332495807108,13.379955880531313,0.053918671361484274,13.448331477354788,14
crossover,3,46,2350,13.26332495807108,13.37830724331149,0.052473249385232276,13.419803902718558,14
crossover,3,47,2400,13.26332495807108,13.36841097239827,0.057586461196336744,13.419803902718558,14
crossover,3,48,2450,13.26332495807108,13.359473868619935,0.058831661316398394,13.419803902718558,14
crossover,3,49,2500,13.26332495807108,13.352707176599663,0.059926727646242954,13.419803902718558,14
crossover,3,50,2550,13.26332495807108,13.341655562397126,0.05994512438293326,13.419803902718558,14
crossover,3,51,2600,13.26332495807108,13.336863105980486,0.058731393258061024,13.419803902718558,14
crossover,3,52,2650,13.26332495807108,13.32646901067693,0.05600738478495429,13.394427190999917,14
crossover,3,53,2700,13.26332495807108,13.317447533411883,0.05410436558573334,13.394427190999917,14
crossover,3,54,2750,13.26332495807108,13.309581399436153,0.05182286600005403,13.394427190999917,14
crossover,3,55,2800,13.26332495807108,13.306959354777575,0.05076959053115912,13.394427190999917,14
crossover,3,56,2850,13.26332495807108,13.304337310119,0.04955545346942581,13.394427190999917,14
crossover,3,57,2900,13.26332495807108,13.295315832853953,0.04297530601060079,13.394427190999917,14
crossover,3,58,2950,13.26332495807108,13.285325478609977,0.03360635023264535,13.336660026534076,14
crossover,3,59,3000,13.26332495807108,13.280925374502198,0.031320170583899784,13.336660026534076,14
crossover,3,60,3050,13.18309518948453,13.274920675022688,0.031021306737341908,13.336660026534076,14
crossover,3,61,3100,13.18309518948453,13.267587168176387,0.023255374898827803,13.336660026534076,14
crossover,3,62,3150,13.18309518948453,13.258511171955886,0.01905351435521168,13.26332495807108,14
crossover,3,63,3200,13.18309518948453,13.258511171955886,0.01905351435521168,13.26332495807108,14
crossover,3,64,3250,13.132455532033676,13.254289188063408,0.027853837351283415,13.26332495807108,14
crossover,3,65,3300,12.889897948556635,13.245216052501387,0.058713200201814204,13.26332495807108,14
crossover,3,66,3350,12.889897948556635,13.242598663980639,0.060729969583181206,13.26332495807108,14
crossover,3,67,3400,12.889897948556635,13.238265109699487,0.06172839517460965,13.26332495807108,14
crossover,3,68,3450,12.889897948556635,13.232212222419749,0.06410359787859356,13.26332495807108,14
crossover,3,69,3500,12.889897948556635,13.211621422025466,0.08593885400072504,13.26332495807108,14
crossover,3,70,3550,12.889897948556635,13.179507279542706,0.10135415069413035,13.26332495807108,14
crossover,3,71,3600,12.889897948556635,13.16184124025271,0.11299989980333885,13.26332495807108,14
crossover,3,72,3650,12.889897948556635,13.137403987859164,0.10583687182216027,13.26332495807108,14
crossover,3,73,3700,12.889897948556635,13.099135308280639,0.1047345933209639,13.207106781186548,14
crossover,3,74,3750,12.889897948556635,13.078241498415773,0.10581464339015795,13.18309518948453,14
crossover,3,75,3800,12.889897948556635,13.056062549123242,0.10326064289946979,13.18309518948453,14
crossover,3,76,3850,12.889897948556635,13.032316111282128,0.09474647170671359,13.171779788708136,14
crossover,3,77,3900,12.889897948556635,13.001878198851916,0.09482209469934412,13.132455532033676,14
crossover,3,78,3950,12.889897948556635,12.985404550549335,0.08257402026863309,13.1,14
crossover,3,79,4000,12.889897948556635,12.972032130135007,0.08039952200539444,13.06332495807108,14
crossover,3,80,4050,12.889897948556635,12.959300574346335,0.07704905611454997,13.06332495807108,14
crossover,3,81,4100,12.889897948556635,12.945726283199503,0.07300574804051894,13.04833147735479,14
crossover,3,82,4150,12.889897948556635,12.939388942047579,0.07066283632386919,13.047722557505166,14
crossover,3,83,4200,12.889897948556635,12.926762973331694,0.06395995815514666,13.047722557505166,14
crossover,3,84,4250,12.889897948556635,12.914137004615814,0.05356944917631142,13.047722557505166,14
crossover,3,85,4300,12.889897948556635,12.907824020257872,0.04625504717828349,13.047722557505166,14
crossover,3,86,4350,12.889897948556635,12.906434229074017,0.0429571221017643,13.047722557505166,14
crossover,3,87,4400,12.889897948556635,12.891664649551753,0.01236690696582496,12.978232998312528,14
crossover,3,88,4450,12.889897948556635,12.891664649551753,0.01236690696582496,12.978232998312528,14
crossover,3,89,4500,12.889897948556635,12.889897948556635,0.0,12.889897948556635,14
crossover,3,90,4550,12.889897948556635,12.889897948556635,0.0,12.889897948556635,14
crossover,3,91,4600,12.889897948556635,12.889897948556635,0.0,12.889897948556635,14
crossover,3,92,4650,12.889897948556635,12.889897948556635,0.0,12.889897948556635,14
crossover,3,93,4700,12.889897948556635,12.889897948556635,0.0,12.889897948556635,14
crossover,3,94,4750,12.889897948556635,12.889897948556635,0.0,12.889897948556635,14
crossover,3,95,4800,12.889897948556635,12.889897948556635,0.0,12.889897948556635,14
crossover,3,96,4850,12.889897948556635,12.889897948556635,0.0,12.889897948556635,14
crossover,3,97,4900,12.889897948556635,12.889897948556635,0.0,12.889897948556635,14
crossover,3,98,4950,12.889897948556635,12.889897948556635,0.0,12.889897948556635,14
crossover,3,99,5000,12.889897948556635,12.889897948556635,0.0,12.889897948556635,14
crossover,3,100,5050,12.889897948556635,12.889897948556635,0.0,12.889897948556635,14
crossover,4,0,50,17.880624847486573,20.6888956653441,0.892887197720398,22.529822128134704,21
crossover,4,1,100,16.359591794226542,19.177399308516275,0.931118165056225,20.22574776766556,17
crossover,4,2,150,15.409975124224179,17.662684118420476,0.8916745345430651,18.756465996625053,16
crossover,4,3,200,15.0494443758404,16.31549135243292,0.5111610583596055,17.02610932182309,15
crossover,4,4,250,14.845207879911715,15.771232916437716,0.3648987817568884,16.227566688249706,14
crossover,4,5,300,14.754723699099141,15.40362092788452,0.27005235282855294,15.777154105707723,15
crossover,4,6,350,14.754723699099141,15.174656360708836,0.193611924733997,15.431300056749532,15
crossover,4,7,400,14.573644135332772,15.034264131389405,0.16033433174835895,15.243835071544513,15
crossover,4,8,450,14.573644135332772,14.9566743834884,0.12889235179326744,15.121320343559642,15
crossover,4,9,500,14.458703314492292,14.882131483062281,0.12927944365273342,15.055294535724686,14
crossover,4,10,550,14.427105745132009,14.794016048491967,0.11351212247038601,14.917935662402835,14
crossover,4,11,600,14.08494332412792,14.741432203848893,0.14807778584024944,14.872004514666935,14
crossover,4,12,650,14.08494332412792,14.65795474071615,0.15295477794444529,14.816609194718914,14
crossover,4,13,700,13.897366596101028,14.569420153527124,0.176334107611664,14.754723699099141,14
crossover,4,14,750,13.897366596101028,14.497709097189832,0.15857138198792267,14.70293863659264,14
crossover,4,15,800,13.897366596101028,14.435585646986345,0.12854573224471333,14.600000000000001,14
crossover,4,16,850,13.897366596101028,14.395570809413249,0.11120078042418728,14.520897306865447,14
crossover,4,17,900,13.897366596101028,14.343914820528468,0.1170751915771186,14.458703314492292,14
crossover,4,18,950,13.777154105707723,14.290454772113172,0.1533237359886207,14.43238075793812,13
crossover,4,19,1000,13.727566688249707,14.231868343070785,0.16395106268179516,14.411871208194288,14
crossover,4,20,1050,13.727566688249707,14.136032425492523,0.1633517682695722,14.322611077089286,14
crossover,4,21,1100,13.727566688249707,14.095957492383903,0.14974217726851985,14.290724809414742,14
crossover,4,22,1150,13.727566688249707,14.049237689203489,0.12600986003582304,14.220743687382042,14
crossover,4,23,1200,13.288854381999831,14.0080133247387,0.14723735178547864,14.190890230020663,14
crossover,4,24,1250,13.288854381999831,13.937544047751375,0.15273824282628562,14.08679622641132,14
crossover,4,25,1300,13.288854381999831,13.887064935498376,0.15359091857373192,14.0494443758404,14
crossover,4,26,1350,13.288854381999831,13.796696971833237,0.17112773866579337,13.962049935181332,14
crossover,4,27,1400,13.288854381999831,13.737730289625622,0.18071190100499404,13.923538406167134,14
crossover,4,28,1450,13.288854381999831,13.680726968040085,0.1681667907812907,13.88494332412792,14
crossover,4,29,1500,13.269693845669908,13.596517955286473,0.16227071968455636,13.814642819948224,14
crossover,4,30,1550,13.269693845669908,13.524422060532826,0.150522608514415,13.724807680927192,14
crossover,4,31,1600,13.269693845669908,13.467379096608752,0.12694378555077035,13.660107523773828,14
crossover,4,32,1650,13.269693845669908,13.440010148264262,0.11468210469582973,13.621320343559642,14
crossover,4,33,1700,13.269693845669908,13.405907208127195,0.09268864253031706,13.533030277982336,14
crossover,4,34,1750,13.232050807568877,13.38558683260524,0.0872823891143782,13.530727575266251,14
crossover,4,35,1800,13.232050807568877,13.356885207285348,0.062255912454386705,13.462049935181332,14
crossover,4,36,1850,13.232050807568877,13.349351073103621,0.05714298914011788,13.429705854077836,14
crossover,4,37,1900,13.232050807568877,13.33460704755349,0.05477271832168069,13.423538406167134,14
crossover,4,38,1950,13.232050807568877,13.317880848462696,0.05083321713319808,13.4,14
crossover,4,39,2000,13.232050807568877,13.309937336716182,0.046486436225314245,13.396662954709576,14
crossover,4,40,2050,13.232050807568877,13.305117580513176,0.04311360336416014,13.38494332412792,14
crossover,4,41,2100,13.081138830084189,13.284004827895435,0.051478110717991965,13.37082869338697,14
crossover,4,42,2150,12.866190378969058,13.26636600333059,0.07934402897795327,13.322497216032183,15
crossover,4,43,2200,12.866190378969058,13.264663402345969,0.07850419270256656,13.316590212458495,15
crossover,4,44,2250,12.866190378969058,13.258098394107646,0.07698178119064862,13.316590212458495,15
crossover,4,45,2300,12.866190378969058,13.245502577018085,0.09300248317556835,13.307878402833891,15
crossover,4,46,2350,12.840967364599084,13.217675929118238,0.11141109162340583,13.288854381999831,15
crossover,4,47,2400,12.840967364599084,13.207095164064373,0.11246834948975044,13.288854381999831,15
crossover,4,48,2450,12.840967364599084,13.191326493967805,0.11996126096636353,13.288854381999831,15
crossover,4,49,2500,12.840967364599084,13.187659075267117,0.1178486679256367,13.288854381999831,15
crossover,4,50,2550,12.840967364599084,13.14949283636738,0.1246547701288075,13.269693845669908,15
crossover,4,51,2600,12.822497216032183,13.116270232028555,0.1345134882947016,13.255294535724685,15
crossover,4,52,2650,12.822497216032183,13.094516271796728,0.13194507477507353,13.232050807568877,15
crossover,4,53,2700,12.713552872566003,13.045129478356111,0.13495010207559605,13.232050807568877,15
crossover,4,54,2750,12.713552872566003,13.004042436120766,0.11250238881714102,13.219090595827293,15
crossover,4,55,2800,12.634846922834953,12.951284655646107,0.10426479484147971,13.088409872672514,15
crossover,4,56,2850,12.634846922834953,12.93123859612045,0.0926060225818776,13.081138830084189,15
crossover,4,57,2900,12.634846922834953,12.908608899500102,0.09176268174742383,13.055294535724686,15
crossover,4,58,2950,12.619803902718557,12.888201602920297,0.08907789111070308,13.008304597359459,15
crossover,4,59,3000,12.619803902718557,12.875298192109431,0.08762541202653054,12.992838827718412,15
crossover,4,60,3050,12.619803902718557,12.860808165125905,0.07861265288879236,12.960232526704262,15
crossover,4,61,3100,12.619803902718557,12.831845526059663,0.07933592617688368,12.919090595827292,15
crossover,4,62,3150,12.619803902718557,12.818935563999432,0.0795701196561935,12.908304597359457,15
crossover,4,63,3200,12.619803902718557,12.812673260851193,0.08212076610597471,12.880624847486569,15
crossover,4,64,3250,12.619803902718557,12.809607895536562,0.08151021992426544,12.869535971483266,15
crossover,4,65,3300,12.619803902718557,12.783484727258472,0.08748764214665272,12.866190378969058,15
crossover,4,66,3350,12.619803902718557,12.76608222711538,0.08484950402753288,12.866190378969058,15
crossover,4,67,3400,12.619803902718557,12.743536946679372,0.08058458623223103,12.840967364599084,15
crossover,4,68,3450,12.619803902718557,12.72327870986099,0.07552461561800337,12.836660026534076,15
crossover,4,69,3500,12.619803902718557,12.701466419671137,0.06435662507854172,12.822497216032183,15
crossover,4,70,3550,12.619803902718557,12.681556299109905,0.052773030243591826,12.760232526704263,15
crossover,4,71,3600,12.619803902718557,12.672141295849558,0.04799304055394221,12.760232526704263,15
crossover,4,72,3650,12.619803902718557,12.664423869260355,0.04337288517801748,12.760232526704263,15
crossover,4,73,3700,12.619803902718557,12.658859701029433,0.03965758231741375,12.757583690279022,15
crossover,4,74,3750,12.619803902718557,12.657979084675171,0.037905760634586554,12.7295630140987,15
crossover,4,75,3800,12.619803902718557,12.652464343886678,0.03344580354877768,12.713552872566003,15
crossover,4,76,3850,12.619803902718557,12.645437225275948,0.028475596256926566,12.713552872566003,15
crossover,4,77,3900,12.619803902718557,12.645437225275948,0.028475596256926566,12.713552872566003,15
crossover,4,78,3950,12.619803902718557,12.635175835181679,0.016001327503105383,12.683215956619923,15
crossover,4,79,4000,12.619803902718557,12.632949515653959,0.01390014973577685,12.66770782520313,15
crossover,4,80,4050,12.619803902718557,12.632292297606595,0.012988126444607985,12.66770782520313,15
crossover,4,81,4100,12.619803902718557,12.630677001109541,0.010916115806862194,12.66770782520313,15
crossover,4,82,4150,12.619803902718557,12.62971892265985,0.009653109172927358,12.66770782520313,15
crossover,4,83,4200,12.619803902718557,12.629061704612484,0.008025794323911591,12.640175425099137,15
crossover,4,84,4250,12.619803902718557,12.62854770411959,0.007848063430974123,12.640175425099137,15
crossover,4,85,4300,12.619803902718557,12.62854770411959,0.007848063430974123,12.640175425099137,15
crossover,4,86,4350,12.619803902718557,12.62854770411959,0.007848063430974123,12.640175425099137,15
crossover,4,87,4400,12.619803902718557,12.627325412776754,0.007521510058198011,12.634846922834953,15
crossover,4,88,4450,12.619803902718557,12.627024552374428,0.0075154904413407995,12.634846922834953,15
crossover,4,89,4500,12.619803902718557,12.6267236919721,0.00749740259215271,12.634846922834953,15
crossover,4,90,4550,12.619803902718557,12.626422831569771,0.007467158811782001,12.634846922834953,15
crossover,4,91,4600,12.619803902718557,12.626121971167443,0.007424610551978545,12.634846922834953,15
crossover,4,92,4650,12.619803902718557,12.625520250362788,0.0073016780410240486,12.634846922834953,15
crossover,4,93,4700,12.619803902718557,12.625520250362788,0.0073016780410240486,12.634846922834953,15
crossover,4,94,4750,12.619803902718557,12.624918529558132,0.007126010575875052,12.634846922834953,15
crossover,4,95,4800,12.619803902718557,12.623715087948819,0.00659838375607009,12.634846922834953,15
crossover,4,96,4850,12.619803902718557,12.62341422754649,0.006424620117185659,12.634846922834953,15
crossover,4,97,4900,12.619803902718557,12.622812506741836,0.006017208046558409,12.634846922834953,15
crossover,4,98,4950,12.619803902718557,12.62221078593718,0.005514862269130254,12.634846922834953,15
crossover,4,99,5000,12.619803902718557,12.621308204730196,0.004512906034918806,12.634846922834953,15
crossover,4,100,5050,12.619803902718557,12.620706483925542,0.0035725193376855862,12.634846922834953,15
random_search,0,0,50,18.72736184954957,20.791370676137408,0.9392805008382156,22.99722114972099,21
random_search,0,1,100,18.72736184954957,20.80322563675577,0.9927159938762353,23.24400902933387,21
random_search,0,2,150,17.96619037896906,20.86840069605283,1.0192329943485887,23.25941170815567,21
random_search,0,3,200,17.96619037896906,20.858233450106624,1.0589776175463121,23.589983277545212,21
random_search,0,4,250,17.96619037896906,20.594666961559195,1.0706984659815741,22.988689042296098,21
random_search,0,5,300,17.96619037896906,20.747616983411106,1.0647833789123833,22.603569153775236,21
random_search,0,6,350,17.948331477354788,20.78719368545047,1.1631524573210434,22.701428280002318,21
random_search,0,7,400,17.948331477354788,20.86938327738133,1.1177896166661279,22.988689042296098,21
random_search,0,8,450,17.948331477354788,20.7006089111049,0.9242916421379492,23.346536616149585,21
random_search,0,9,500,17.948331477354788,20.769884298861662,0.9453956002642181,22.70199920063936,21
random_search,0,10,550,17.948331477354788,20.70831214919303,0.9729240236190086,22.967670500619608,21
random_search,0,11,600,17.948331477354788,20.85329545500917,1.0222599261048737,23.344009029333872,21
random_search,0,12,650,17.948331477354788,20.88120811746724,0.9774921363817193,23.160601043544624,21
random_search,0,13,700,17.948331477354788,21.038869279913897,0.8503556473404451,22.966479394838267,21
random_search,0,14,750,17.948331477354788,20.805742314642515,1.0211528049461362,22.621347195933176,21
random_search,0,15,800,17.640967364599085,20.807565050263396,0.9409595480757501,23.106404996924923,21
random_search,0,16,850,17.640967364599085,20.78902509951122,0.9870038836675342,23.093584466786357,21
random_search,0,17,900,17.640967364599085,20.7233802833009,0.8541420430310501,22.615167380558045,21
random_search,0,18,950,17.640967364599085,20.876124793748687,0.965173335809245,23.235489375751563,21
random_search,0,19,1000,17.640967364599085,20.84100582129587,0.7108850895486883,22.07402157263998,21
random_search,0,20,1050,17.640967364599085,20.687972541252197,1.085415207498357,23.039013913315678,21
random_search,0,21,1100,17.640967364599085,20.789550889016365,1.0157395920491838,22.91547594742265,21
random_search,0,22,1150,17.640967364599085,20.60233133896775,0.9220204732844958,22.69332590941915,21
random_search,0,23,1200,17.640967364599085,21.0049374298745,1.0257822032808255,23.26939798987516,21
random_search,0,24,1250,17.640967364599085,20.856430447495708,0.8928235756916005,22.482306905057555,21
random_search,0,25,1300,17.640967364599085,20.714737053573003,1.1051631913380329,22.60768096208106,21
random_search,0,26,1350,17.640967364599085,20.91890819398468,1.0644081082592274,22.992849839314594,21
random_search,0,27,1400,17.634846922834953,20.729442998327062,1.0314226734069747,22.980243893371345,21
random_search,0,28,1450,17.634846922834953,20.7830775135067,1.0621950173805963,23.159326868617086,21
random_search,0,29,1500,17.634846922834953,20.67980810222665,0.9058819796493489,22.391164991562633,21
random_search,0,30,1550,17.634846922834953,20.897509518756,1.1566803728651087,23.455277766926233,21
random_search,0,31,1600,17.634846922834953,21.048168439510604,0.9521455076203517,22.756809750418043,21
random_search,0,32,1650,17.634846922834953,21.00260635602099,1.0474516209696403,24.0,21
random_search,0,33,1700,17.634846922834953,20.829481421889163,1.2098518153307145,23.757092555020158,21
random_search,0,34,1750,16.683095189484533,20.738412565763056,1.0974276250935255,22.659729717389748,21
random_search,0,35,1800,16.683095189484533,20.86281721596137,0.9817491957761132,23.098386676965934,21
random_search,0,36,1850,16.683095189484533,20.7904862181898,0.9362015232530331,22.357066051117283,21
random_search,0,37,1900,16.683095189484533,20.736525979150066,1.0248482865825794,22.619392214170773,21
random_search,0,38,1950,16.683095189484533,20.837831298551258,0.7790550137722477,22.295829710142186,21
random_search,0,39,2000,16.683095189484533,20.84966993273877,1.1773536052536029,23.41547594742265,21
random_search,0,40,2050,16.683095189484533,20.714630997533295,1.0096302048418457,22.742787793912434,21
random_search,0,41,2100,16.683095189484533,21.116200517249048,1.022863713731014,23.791015291668742,21
random_search,0,42,2150,16.683095189484533,20.882987120144254,0.9656530905765546,22.511094017053555,21
random_search,0,43,2200,16.683095189484533,20.79077851457125,0.9155545698792721,22.843024810940587,21
random_search,0,44,2250,16.683095189484533,20.83936377388919,0.8457686393910149,22.50516780926679,21
random_search,0,45,2300,16.683095189484533,20.85236923426432,1.1671027463678831,22.846536616149585,21
random_search,0,46,2350,16.683095189484533,21.032894498691757,0.9515722017351936,22.895943722515266,21
random_search,0,47,2400,16.683095189484533,20.45296843828128,1.0043316841617755,22.355133376499413,21
random_search,0,48,2450,16.683095189484533,20.90038223275159,1.0798423625010087,23.22089730686545,21
random_search,0,49,2500,16.683095189484533,20.795357740364217,0.9889530164018154,23.19332590941915,21
random_search,0,50,2550,16.683095189484533,20.71237691757817,0.9446704152777304,22.772751070837067,21
random_search,0,51,2600,16.683095189484533,20.531502564881144,1.1342675965529976,23.115587038162705,21
random_search,0,52,2650,16.683095189484533,20.731802075968186,0.9697509332183818,23.19358446678636,21
random_search,0,53,2700,16.683095189484533,20.901782963335872,1.0452427657814718,23.172458299147443,21
random_search,0,54,2750,16.683095189484533,20.758696173292684,0.8013234928639564,23.243835071544513,21
random_search,0,55,2800,16.683095189484533,21.01150054575459,1.1011285048222477,24.039013913315678,21
random_search,0,56,2850,16.683095189484533,20.697483458510778,0.940764150123621,22.859411708155672,21
random_search,0,57,2900,16.683095189484533,21.176977009576166,0.9931665716578087,23.207492981902774,21
random_search,0,58,2950,16.683095189484533,20.86920287689115,0.905725406363207,22.89857113690718,21
random_search,0,59,3000,16.683095189484533,20.627011878065208,1.0163086955630578,23.176575213227444,21
random_search,0,60,3050,16.683095189484533,20.859185255731422,1.1273101075721566,23.082207001484488,21
random_search,0,61,3100,16.683095189484533,20.746071916998588,0.990786997864296,22.819160170741757,21
random_search,0,62,3150,16.683095189484533,20.807505200905048,0.9978677709590353,22.423538406167136,21
random_search,0,63,3200,16.683095189484533,20.5941320046669,0.9413155364942806,22.79192496674806,21
random_search,0,64,3250,16.683095189484533,21.021633241334563,0.9794808549183862,23.60499687890016,21
random_search,0,65,3300,16.683095189484533,20.821609392699916,1.0570550635943146,22.99615099714943,21
random_search,0,66,3350,16.683095189484533,20.711923945389998,1.0896366610165484,23.28790581563873,21
random_search,0,67,3400,16.683095189484533,20.901019655925392,0.9322708918389203,23.103569153775236,21
random_search,0,68,3450,16.683095189484533,20.646895710915135,1.0439291529478396,22.771085446759226,21
random_search,0,69,3500,16.683095189484533,20.872203625047963,1.0777399935493164,22.83541565040626,21
random_search,0,70,3550,16.683095189484533,21.001616650586744,1.0265984249105629,23.003569153775235,21
random_search,0,71,3600,16.683095189484533,20.564627360525133,0.9522029858404177,22.72089730686545,21
random_search,0,72,3650,16.683095189484533,20.873222801805912,1.0092504626391616,22.8,21
random_search,0,73,3700,16.683095189484533,20.63009954689632,1.0060416916106487,22.810693864511038,21
random_search,0,74,3750,16.683095189484533,21.098221672246158,1.1539651593411104,23.614674215792775,21
random_search,0,75,3800,16.683095189484533,20.781387115217584,0.9235155134798665,22.956141357987224,21
random_search,0,76,3850,16.683095189484533,20.565910455020234,1.032189310759142,22.384250278036866,21
random_search,0,77,3900,16.683095189484533,20.96373312580619,0.9729941412553695,22.67681974534503,21
random_search,0,78,3950,16.683095189484533,20.75142032845739,0.8650595486589536,22.57967389859482,21
random_search,0,79,4000,16.683095189484533,20.854901590218027,0.961059295253917,23.039013913315678,21
random_search,0,80,4050,16.683095189484533,20.956177756933492,0.842954565261239,22.713135192987522,21
random_search,0,81,4100,16.683095189484533,20.859128651813784,1.0368437211828847,23.252776554086893,21
random_search,0,82,4150,16.683095189484533,21.049295805489947,1.0224641265487442,23.0563490998189,21
random_search,0,83,4200,16.683095189484533,20.517027516979873,1.0317102828603728,22.449545416973503,21
random_search,0,84,4250,16.683095189484533,20.857459331728087,1.1149349799872659,24.26939798987516,21
random_search,0,85,4300,16.683095189484533,20.719425470048705,1.0131923860932879,23.286335345031,21
random_search,0,86,4350,16.683095189484533,21.012647655483338,0.9877551443811112,23.092492955535427,21
random_search,0,87,4400,16.683095189484533,21.01732709361808,0.8933593974994404,22.790724809414744,21
random_search,0,88,4450,16.683095189484533,20.75689844244019,0.9360888274522827,22.58526217596215,21
random_search,0,89,4500,16.683095189484533,20.998741757315564,1.2536748515956393,23.123243291566197,21
random_search,0,90,4550,16.683095189484533,20.76195313149208,1.1273947074808346,22.99722114972099,21
random_search,0,91,4600,16.683095189484533,20.676741604842736,1.0077908235930795,22.89827534923789,21
random_search,0,92,4650,16.683095189484533,20.83447790675879,0.940398628471877,23.160601043544624,21
random_search,0,93,4700,16.683095189484533,20.91819762670285,0.8246002795968966,22.831666249791535,21
random_search,0,94,4750,16.683095189484533,20.603625646701108,1.133171108694789,22.73861278752583,21
random_search,0,95,4800,16.683095189484533,20.685231712705786,1.027043470514413,23.360051813123757,21
random_search,0,96,4850,16.683095189484533,20.802821762172,0.9486221209989208,22.970540018881465,21
random_search,0,97,4900,16.683095189484533,21.01922488880179,0.8535155089405592,23.214674215792776,21
random_search,0,98,4950,16.683095189484533,20.829848848750604,0.9941629400093505,23.201428280002318,21
random_search,0,99,5000,16.683095189484533,20.75454076476718,0.9884084506968266,22.775711299845938,21
random_search,0,100,5050,16.683095189484533,20.76824555901575,1.081460777567138,22.87175030543074,21
random_search,1,0,50,18.456465996625056,20.789289771048825,1.045219830876029,22.900000000000002,21
random_search,1,1,100,18.456465996625056,20.971690839377935,1.1182672872854285,23.971750305430742,21
random_search,1,2,150,18.334846922834956,20.923708330014485,1.1312365486041944,23.384250278036866,21
random_search,1,3,200,17.316227766016837,20.742581946756182,1.1002822336269114,22.91152144312159,21
random_search,1,4,250,17.316227766016837,20.899870336420186,1.1882980352951837,23.18526217596215,21
random_search,1,5,300,17.316227766016837,21.026658429068203,1.1729914486717277,24.825932749251628,21
random_search,1,6,350,17.316227766016837,20.869909032476208,0.849137351282107,22.456141357987224,21
random_search,1,7,400,17.316227766016837,21.15757394144121,0.9484617167888808,23.52491379207837,21
random_search,1,8,450,17.316227766016837,20.77309145139878,0.9836831859732814,23.275711299845938,21
random_search,1,9,500,17.316227766016837,20.8708168865158,1.0736114250245543,23.502630668366308,21
random_search,1,10,550,17.316227766016837,20.75943367988491,1.0330231707434203,23.11283361405006,21
random_search,1,11,600,17.316227766016837,20.82179043588914,0.8322108089091519,22.589983277545212,21
random_search,1,12,650,17.316227766016837,20.82103985538722,0.8369795469874575,23.166939881532553,21
random_search,1,13,700,17.316227766016837,20.7616170403749,1.0685679410770863,23.309243436828815,21
random_search,1,14,750,17.316227766016837,20.875657280854902,0.8969807982453875,22.605551275463988,21
random_search,1,15,800,17.316227766016837,20.850981213026397,1.1045953844207625,22.775711299845938,21
random_search,1,16,850,17.316227766016837,20.76578606155708,1.094113541116807,23.49722114972099,21
random_search,1,17,900,17.316227766016837,20.61137157795067,0.9108350680963502,22.736877428271626,21
random_search,1,18,950,17.316227766016837,20.74273367622201,1.1229130120458195,23.211094017053558,21
random_search,1,19,1000,17.316227766016837,21.04444773096082,1.0315406995623593,22.82842712474619,21
random_search,1,20,1050,17.316227766016837,20.650685079344058,1.0516771911284752,22.531300056749533,21
random_search,1,21,1100,17.316227766016837,20.954800954125787,1.032565778115995,23.282306905057553,21
random_search,1,22,1150,17.316227766016837,20.873342140127683,1.003827871403738,22.91386219991853,21
random_search,1,23,1200,17.316227766016837,20.79464797228004,1.0621474961675357,22.767491648096545,21
random_search,1,24,1250,17.316227766016837,20.743093061763116,1.0538584486508544,22.80142828000232,21
random_search,1,25,1300,17.316227766016837,20.770703266655833,0.9860710708910151,23.549691346263316,21
random_search,1,26,1350,17.316227766016837,20.568462897481826,0.8407910802280533,22.455946767611902,21
random_search,1,27,1400,17.316227766016837,20.826463334882316,1.1914960683684215,23.60263066836631,21
random_search,1,28,1450,17.316227766016837,20.655868208664728,1.107292420025168,23.36939798987516,21
random_search,1,29,1500,17.316227766016837,20.86825537820822,0.7898132323059601,22.3732137494637,21
random_search,1,30,1550,17.316227766016837,20.729684794859704,1.157969442324759,22.917935662402833,21
random_search,1,31,1600,17.316227766016837,20.7186017527112,1.1437188540339285,22.72827037646145,21
random_search,1,32,1650,17.316227766016837,20.81147053179486,1.1372823394855252,23.5,21
random_search,1,33,1700,17.316227766016837,20.863164241020648,1.0584988464073768,23.24400902933387,21
random_search,1,34,1750,17.316227766016837,20.63557956167697,0.8884736445613433,22.276575213227446,21
random_search,1,35,1800,17.316227766016837,20.6344855107758,0.9377390416911611,22.867156809750927,21
random_search,1,36,1850,17.316227766016837,20.541799751272308,1.0741387038328303,22.664582518894846,21
random_search,1,37,1900,17.316227766016837,20.597212519283335,1.0722277048452087,23.24165738677394,21
random_search,1,38,1950,17.316227766016837,20.84747924499875,1.075179726256283,22.816609194718914,21
random_search,1,39,2000,16.978232998312528,20.929888499799354,1.1379271133550002,23.110589071449372,21
random_search,1,40,2050,16.978232998312528,20.85726323554028,0.8771168717483009,23.346998799039042,21
random_search,1,41,2100,16.978232998312528,20.731901724351488,1.0409262446075613,23.482390527904393,21
random_search,1,42,2150,16.978232998312528,20.91942486356014,0.9530877903542834,22.87571129984594,21
random_search,1,43,2200,16.978232998312528,20.990962801317124,1.0424572862662107,23.209983388658483,21
random_search,1,44,2250,16.978232998312528,20.812691370784705,1.0093920832185346,23.082207001484488,21
random_search,1,45,2300,16.978232998312528,20.70043647404541,1.0420011634075035,22.539387691339815,21
random_search,1,46,2350,16.978232998312528,20.803048689685802,0.9151859741266956,22.844994432064368,21
random_search,1,47,2400,16.978232998312528,20.956244799653742,0.9074109053231735,23.174021572639983,21
random_search,1,48,2450,16.978232998312528,20.787689158500566,0.819158903648829,22.549509756796393,21
random_search,1,49,2500,16.978232998312528,20.96097459761268,1.222084385853684,24.029376540877703,21
random_search,1,50,2550,16.978232998312528,20.86447247748941,0.9200645396398172,22.775711299845938,21
random_search,1,51,2600,16.978232998312528,20.97231974128831,0.9231534854703398,23.2,21
random_search,1,52,2650,16.978232998312528,20.71113132476107,0.8805520639798643,22.691366458960193,21
random_search,1,53,2700,16.978232998312528,21.082099039168565,1.0707961788886529,23.293325909419153,21
random_search,1,54,2750,16.978232998312528,20.60459007480668,1.0304185485408748,23.42767142944341,21
random_search,1,55,2800,16.978232998312528,20.90944395483633,0.8764591619444075,22.882085548648714,21
random_search,1,56,2850,16.978232998312528,20.580587385472096,1.092924292217552,23.003569153775235,21
random_search,1,57,2900,16.978232998312528,21.036355319859744,0.8402055125622913,22.7262252939418,21
random_search,1,58,2950,16.978232998312528,20.840254383296745,1.0638371812144911,23.282306905057553,21
random_search,1,59,3000,16.978232998312528,20.84473294041379,0.9575052593623441,22.585677655436825,21
random_search,1,60,3050,16.978232998312528,20.692409260923913,0.854144115783503,22.261706725018236,21
random_search,1,61,3100,16.978232998312528,20.78396139114531,0.9947488647230988,23.297057550292603,21
random_search,1,62,3150,16.978232998312528,20.620634321236885,1.0304946831361221,22.772077843177478,21
random_search,1,63,3200,16.978232998312528,20.61146576302658,0.9589527066562819,22.522327839240493,21
random_search,1,64,3250,16.978232998312528,20.852577014184405,0.9914102934285647,23.07967389859482,21
random_search,1,65,3300,16.978232998312528,20.752970043301595,0.9035615057598362,22.758323293158117,21
random_search,1,66,3350,16.978232998312528,20.79416331225783,0.9130344753921179,22.44948974278318,21
random_search,1,67,3400,16.978232998312528,20.796052618189687,1.1086670890490409,23.106659275674584,21
random_search,1,68,3450,16.978232998312528,20.76399834195169,1.1123380490229169,23.077708763999663,21
random_search,1,69,3500,16.978232998312528,20.811993429013583,0.9346912234934319,22.939736830714132,21
random_search,1,70,3550,16.978232998312528,20.940830467348448,1.0652269076845813,22.868787265568827,21
random_search,1,71,3600,16.978232998312528,21.07595682860544,1.068922710710677,23.454626986542657,21
random_search,1,72,3650,16.978232998312528,20.915416042242615,1.067755051679712,23.020897306865447,21
random_search,1,73,3700,16.978232998312528,20.730808980419425,1.1384491416607376,24.00238027789014,21
random_search,1,74,3750,16.978232998312528,20.995895223172788,1.012245795882173,23.966533331199933,21
random_search,1,75,3800,16.978232998312528,20.879726076175544,1.0338795713273896,23.266060555964675,21
random_search,1,76,3850,16.978232998312528,20.633041352603012,1.0619527834308484,22.824099870362662,21
random_search,1,77,3900,16.978232998312528,21.110724152328874,0.7910823073743566,22.913135192987525,21
random_search,1,78,3950,16.978232998312528,20.811603737386783,1.149528840263307,23.377193921634788,21
random_search,1,79,4000,16.978232998312528,20.77675201246075,1.0968754798805413,22.90998891351187,21
random_search,1,80,4050,16.978232998312528,20.57358988824926,1.100242952028243,22.955946767611902,21
random_search,1,81,4100,16.978232998312528,20.878757979244874,1.18318923819228,23.530334761116087,21
random_search,1,82,4150,16.978232998312528,20.900577226981035,1.1605290207719932,23.275711299845938,21
random_search,1,83,4200,16.978232998312528,21.046434911885516,0.9914834081333764,23.140658617698016,21
random_search,1,84,4250,16.978232998312528,20.816805429295368,1.106036410722493,22.861901286060018,21
random_search,1,85,4300,16.978232998312528,20.867510979717043,0.9783527995424908,23.508131845707602,21
random_search,1,86,4350,16.978232998312528,20.866249264843177,0.9760201820631242,23.667815921162745,21
random_search,1,87,4400,16.978232998312528,20.80256503961321,1.1579012515583762,23.714835124201343,21
random_search,1,88,4450,16.978232998312528,20.850539516203202,1.2343632887174114,23.301514803843837,21
random_search,1,89,4500,16.978232998312528,20.85876972766071,0.8486878229161597,22.955946767611902,21
random_search,1,90,4550,16.978232998312528,20.576176303625434,0.8829333752224213,22.57402157263998,21
random_search,1,91,4600,16.978232998312528,20.58876035510041,1.0434029951146973,23.344009029333872,21
random_search,1,92,4650,16.978232998312528,20.788226115951794,1.0122732513190527,22.696150997149434,21
random_search,1,93,4700,16.978232998312528,20.94254617260479,1.15446361889087,23.30609303352956,21
random_search,1,94,4750,16.978232998312528,20.713931133151245,0.8965899479048813,22.485677655436824,21
random_search,1,95,4800,16.978232998312528,20.91575530232504,1.0173708172591573,22.924099870362664,21
random_search,1,96,4850,16.978232998312528,20.69803723794661,0.9794351305186688,22.585677655436825,21
random_search,1,97,4900,16.978232998312528,20.83442762346498,1.0079937711277691,23.205810028322198,21
random_search,1,98,4950,16.978232998312528,20.91985500443433,1.0655892372567395,23.49722114972099,21
random_search,1,99,5000,16.978232998312528,20.850517420643445,0.9759330515052026,22.819160170741757,21
random_search,1,100,5050,16.978232998312528,20.943265211599325,0.9024716834128854,23.646916505762093,21
random_search,2,0,50,18.83390796058137,20.69506857062624,0.8407457322376795,22.56767050061961,21
random_search,2,1,100,18.83390796058137,20.563337979818336,0.8430105696827699,22.145906043549196,21
random_search,2,2,150,18.80332963783729,20.96910457019915,1.0538051334105312,22.782306905057553,21
random_search,2,3,200,18.013552872566002,20.807547985374978,1.1525139532554447,23.331098884280703,21
random_search,2,4,250,18.013552872566002,20.73950524886096,0.8475374833789776,22.75306852353742,21
random_search,2,5,300,18.013552872566002,20.75006773317808,0.9094576738834502,22.646426544510454,21
random_search,2,6,350,18.013552872566002,20.917483238216846,1.0075761263051655,23.441428291206627,21
random_search,2,7,400,18.013552872566002,20.862761019719088,0.9531259582176025,22.74131112314674,21
random_search,2,8,450,18.013552872566002,20.991838151733905,1.0040451786402835,23.56859590355097,21
random_search,2,9,500,18.013552872566002,20.94192082296753,0.9829296971962941,23.192415526630864,21
random_search,2,10,550,18.013552872566002,20.78420190577378,0.831250218597885,22.281934729198174,21
random_search,2,11,600,18.013552872566002,21.06720633853416,1.1005736062746312,22.992849839314594,21
random_search,2,12,650,17.50830459735946,20.563479716570235,1.004366929357368,22.40312347560939,21
random_search,2,13,700,17.50830459735946,20.826895508422805,0.9355527698932802,24.04959013639538,21
random_search,2,14,750,17.50830459735946,21.071987929560727,1.0536222597660008,23.258089374931437,21
random_search,2,15,800,17.50830459735946,21.00170968971007,1.149923577885411,23.45306852353742,21
random_search,2,16,850,17.50830459735946,20.660246780645913,0.9801328006032071,23.04959013639538,21
random_search,2,17,900,17.50830459735946,20.889063013661502,1.1114931522123683,23.07624151769984,21
random_search,2,18,950,17.50830459735946,20.69505045388108,1.130213603984258,23.400000000000002,21
random_search,2,19,1000,17.50830459735946,20.784467752965508,0.9606183657011721,23.407567081708248,21
random_search,2,20,1050,17.50830459735946,20.607327384694035,1.1263321884679427,23.54959013639538,21
random_search,2,21,1100,17.50830459735946,20.77206210635743,1.0726034173817964,22.89192496674806,21
random_search,2,22,1150,17.50830459735946,20.602858672835406,1.050509721692124,24.062977544445356,21
random_search,2,23,1200,17.50830459735946,20.695904349692764,0.875491309279054,22.94963766213207,21
random_search,2,24,1250,17.50830459735946,20.750342661638808,0.9997188221209814,23.146426544510454,21
random_search,2,25,1300,17.50830459735946,20.483374166828536,0.9853811929388339,22.215339366124404,21
random_search,2,26,1350,17.50830459735946,20.9748373861431,0.9303961222045454,22.860319135392636,21
random_search,2,27,1400,17.50830459735946,20.73805831949729,1.0732659129890485,23.924283374069717,21
random_search,2,28,1450,17.50830459735946,20.84770323051051,1.016036630947841,23.37571129984594,21
random_search,2,29,1500,17.50830459735946,20.919037155773868,1.0418021093107277,22.949576240750524,21
random_search,2,30,1550,17.50830459735946,20.6128110075196,1.0541819205244707,22.449615361854384,21
random_search,2,31,1600,17.50830459735946,20.896607989904602,0.8982409560935333,22.43238075793812,21
random_search,2,32,1650,17.50830459735946,20.71157227050969,1.1562148164492638,23.449576240750524,21
random_search,2,33,1700,17.50830459735946,20.694391793221435,0.8962230382325499,22.629285639896448,21
random_search,2,34,1750,17.50830459735946,20.7557621787491,1.013665715263778,22.7,21
random_search,2,35,1800,17.50830459735946,20.80694232770618,0.9144890709901546,22.923243291566195,21
random_search,2,36,1850,17.50830459735946,20.766623181314422,0.969676721505418,22.588435821108956,21
random_search,2,37,1900,17.112403840463596,20.83534689157078,1.0521543414065386,22.93469899493758,21
random_search,2,38,1950,17.112403840463596,20.78793273646453,1.1188178782096527,22.989979919597747,21
random_search,2,39,2000,17.112403840463596,20.73357393429118,0.9399181552962832,22.598571136907182,21
random_search,2,40,2050,17.112403840463596,20.764131776276844,0.944555307580167,22.589983277545212,21
random_search,2,41,2100,17.112403840463596,20.70953103863026,1.0122318480131085,22.526368339802364,21
random_search,2,42,2150,17.112403840463596,20.768694582009974,0.9943195478011604,23.282306905057553,21
random_search,2,43,2200,17.112403840463596,20.759389932503062,1.0641402804115656,23.657271787481875,21
random_search,2,44,2250,17.112403840463596,20.988112862231446,1.15137836253443,23.563705936241092,21
random_search,2,45,2300,17.112403840463596,20.846133130227695,1.1814641370930754,24.4182520563948,21
random_search,2,46,2350,17.112403840463596,20.89421898099858,1.048836292355229,23.31386219991853,21
random_search,2,47,2400,17.112403840463596,21.040607557267126,0.9585741334954863,23.065941943351177,21
random_search,2,48,2450,17.112403840463596,20.771712176513084,1.0354067832926017,22.72574776766556,21
random_search,2,49,2500,17.112403840463596,20.810084457029834,1.0002875790867354,23.455277766926233,21
random_search,2,50,2550,17.112403840463596,20.75404511312668,1.1364301901668328,22.884250278036866,21
random_search,2,51,2600,17.112403840463596,20.94277020791893,0.9470395229434398,22.66405499221705,21
random_search,2,52,2650,17.112403840463596,20.659435267848913,0.9960493101348559,22.78608421540822,21
random_search,2,53,2700,17.112403840463596,20.83047020177942,0.8598885522416174,22.900000000000002,21
random_search,2,54,2750,17.112403840463596,20.80495644629715,1.0304781377082128,23.599999999999998,21
random_search,2,55,2800,17.112403840463596,20.601825668919645,1.0935542685248656,22.534192325759246,21
random_search,2,56,2850,17.112403840463596,20.716768829363314,0.9575700193370605,22.45306852353742,21
random_search,2,57,2900,17.112403840463596,20.825148229577852,1.0484348468805256,23.120215047547653,21
random_search,2,58,2950,17.112403840463596,20.757873693556476,1.1038164669089845,23.664582518894846,21
random_search,2,59,3000,17.112403840463596,20.638955760166024,1.012533070244511,22.831666249791535,21
random_search,2,60,3050,17.112403840463596,20.656007224007602,0.7946255951128411,22.270540018881462,21
random_search,2,61,3100,17.112403840463596,20.632892295323543,1.154664715244694,23.192415526630864,21
random_search,2,62,3150,17.112403840463596,20.950163292446028,1.042713860250011,23.470540018881465,21
random_search,2,63,3200,17.112403840463596,20.839727004047504,0.9174948449837883,22.539387691339815,21
random_search,2,64,3250,17.112403840463596,20.844987772279932,1.0088419027355455,22.588435821108956,21
random_search,2,65,3300,17.112403840463596,20.79317145750615,1.0338324114860007,23.75499667110372,21
random_search,2,66,3350,17.112403840463596,20.811082620632604,0.9157490418775429,22.7,21
random_search,2,67,3400,17.112403840463596,20.897978641933573,1.2468275934074426,23.81386219991853,21
random_search,2,68,3450,17.112403840463596,20.838809451408494,1.1471965548782905,23.876388603226825,21
random_search,2,69,3500,17.112403840463596,20.788153689441582,1.008796967078144,22.780697580112786,21
random_search,2,70,3550,17.112403840463596,20.763420672080134,0.8940710329080596,22.608607914449795,21
random_search,2,71,3600,17.112403840463596,20.61835423349001,0.7688293503660362,22.520897306865447,21
random_search,2,72,3650,17.112403840463596,20.91008057060697,0.9582545709270199,22.864054992217053,21
random_search,2,73,3700,17.112403840463596,20.78897618000039,1.0779481345177921,23.197221149720992,21
random_search,2,74,3750,17.112403840463596,20.68529544828847,1.068420589931975,22.860319135392636,21
random_search,2,75,3800,17.112403840463596,20.85700644497875,1.155205032750565,23.049666651850536,21
random_search,2,76,3850,17.112403840463596,20.940803054110543,1.134602922523653,23.833630940518894,21
random_search,2,77,3900,17.112403840463596,20.70740269781445,1.0334211959764343,22.62574776766556,21
random_search,2,78,3950,17.112403840463596,20.740868515869764,1.1491347748970533,23.121347195933176,21
random_search,2,79,4000,17.112403840463596,20.68377683157687,1.0509885878902259,23.282306905057553,21
random_search,2,80,4050,17.112403840463596,20.956492058912946,1.1797523159891299,22.9591260281974,21
random_search,2,81,4100,17.112403840463596,20.727905893001456,1.176856502670629,24.142276586281547,21
random_search,2,82,4150,17.112403840463596,20.651927176943186,1.2328814384249767,23.2,21
random_search,2,83,4200,17.112403840463596,20.64849073951276,0.9256894829251998,22.392492955535424,21
random_search,2,84,4250,17.112403840463596,20.744492534211137,1.0459857331386522,22.779673898594822,21
random_search,2,85,4300,17.112403840463596,20.62436280275438,0.9801725081082364,22.846536616149585,21
random_search,2,86,4350,17.112403840463596,20.97355009726155,1.0888814496317305,22.77488738510232,21
random_search,2,87,4400,17.112403840463596,20.928496393016616,1.1240516485712557,23.7319206502675,21
random_search,2,88,4450,17.112403840463596,21.07642683574592,1.1290053426253714,24.569870314579497,21
random_search,2,89,4500,17.112403840463596,20.477585285160853,0.9928656509099113,22.466479394838267,21
random_search,2,90,4550,17.112403840463596,20.574634299283517,0.9941064411908771,22.549666651850536,21
random_search,2,91,4600,17.112403840463596,20.936936093870692,0.9290331325195987,23.110960958218893,21
random_search,2,92,4650,17.112403840463596,20.86050866115816,0.9620288582120877,23.420526275297412,21
random_search,2,93,4700,17.112403840463596,20.671961160609058,0.9355103604948025,22.25941170815567,21
random_search,2,94,4750,17.112403840463596,20.734296984923922,1.1527111359648732,24.02491379207837,21
random_search,2,95,4800,17.112403840463596,20.845261176089394,0.9602114408651125,22.995943722515268,21
random_search,2,96,4850,17.112403840463596,21.099685657929832,1.044549488894969,23.38166632639171,21
random_search,2,97,4900,17.112403840463596,20.770757975175307,0.9640089709450191,22.670459909270544,21
random_search,2,98,4950,17.112403840463596,20.9164058097679,0.8107816194306505,22.74131112314674,21
random_search,2,99,5000,17.112403840463596,20.728325991156566,1.0575092518344216,22.86124969497314,21
random_search,2,100,5050,17.112403840463596,20.82701078208323,0.9906673221184674,22.553299832284317,21
random_search,3,0,50,18.2,20.796211740632767,1.038693636569909,22.697221149720992,21
random_search,3,1,100,18.2,20.77807779946414,0.9159117026119196,22.77488738510232,21
random_search,3,2,150,17.8295630140987,20.812477047934976,1.0977674092701974,23.123243291566197,21
random_search,3,3,200,17.8295630140987,20.940419631637177,0.9054058862272636,22.609243436828812,21
random_search,3,4,250,17.8295630140987,20.690352160823355,1.101358457286932,23.093237062523876,21
random_search,3,5,300,17.8295630140987,20.869635196946906,1.0715874349459757,23.345327270945404,21
random_search,3,6,350,17.8295630140987,20.623680792338952,1.101184517927166,23.142787793912433,21
random_search,3,7,400,17.8295630140987,20.755586423968957,1.1926084431974313,23.435112807463533,21
random_search,3,8,450,17.8295630140987,20.793141096012395,0.9905884165441611,22.93238075793812,21
random_search,3,9,500,17.8295630140987,20.5916005552739,1.071949966912834,22.89857113690718,21
random_search,3,10,550,17.8295630140987,20.853852576660064,0.8372906641289151,22.603569153775236,21
random_search,3,11,600,17.8295630140987,20.965131898217415,0.8323643247886909,22.741653005427764,21
random_search,3,12,650,17.8295630140987,20.95603458420119,1.1468596059592011,23.088435821108956,21
random_search,3,13,700,17.8295630140987,20.77241087921534,0.9526226665685968,22.74131112314674,21
random_search,3,14,750,17.8295630140987,21.105859454240267,1.0784215502723797,22.90312347560939,21
random_search,3,15,800,17.8295630140987,21.098272538116326,1.045433303356134,23.660319135392633,21
random_search,3,16,850,17.8295630140987,20.644433890894703,0.8777274432412266,22.82636833980236,21
random_search,3,17,900,17.8295630140987,20.88479601046566,1.0946967680729234,22.840063693621516,21
random_search,3,18,950,17.8295630140987,20.84660627064855,1.112784074219685,23.20936130717624,21
random_search,3,19,1000,17.8295630140987,20.747102664724704,0.9057549225494642,22.340063693621516,21
random_search,3,20,1050,17.8295630140987,20.815978460027896,0.9461408927147362,23.40587727318528,21
random_search,3,21,1100,17.8295630140987,20.82558150115601,0.9906536549869103,23.713135192987522,21
random_search,3,22,1150,17.8295630140987,21.012303541984103,1.0084002979726179,23.90944739819828,21
random_search,3,23,1200,17.8295630140987,20.800636161850154,0.8681793769432935,22.36356421265527,21
random_search,3,24,1250,17.8295630140987,21.016410562686055,0.8537066791360721,22.464965543462903,21
random_search,3,25,1300,17.8295630140987,20.784465046232555,0.8325228228271726,22.752776554086893,21
random_search,3,26,1350,17.8295630140987,20.630773579534157,0.9361843952215104,22.366431913239847,21
random_search,3,27,1400,17.8295630140987,20.80670791283075,1.0917965379527315,23.449666651850535,21
random_search,3,28,1450,17.8295630140987,20.766545675591434,1.0057205828617835,23.214674215792776,21
random_search,3,29,1500,17.8295630140987,20.968954095517276,1.0898081778725048,23.36356421265527,21
random_search,3,30,1550,17.8295630140987,20.749202026114943,1.0613119341773205,23.08425027803687,21
random_search,3,31,1600,17.8295630140987,21.013655703776063,0.9701339855241828,23.229872518944557,21
random_search,3,32,1650,17.8295630140987,20.68606398295416,0.9633736972954646,22.522327839240493,21
random_search,3,33,1700,17.8295630140987,20.880278818092542,0.8182877607737211,22.50516780926679,21
random_search,3,34,1750,17.8295630140987,20.77022066205658,0.9215834492450821,23.099999999999998,21
random_search,3,35,1800,17.769693845669906,20.90714645471434,1.017086350050984,23.464965543462903,21
random_search,3,36,1850,17.769693845669906,20.81332014359351,0.9991181076730488,22.51869538788622,21
random_search,3,37,1900,17.769693845669906,20.696327407799668,0.917401394022756,22.89192496674806,21
random_search,3,38,1950,17.769693845669906,20.736076445889122,1.0856179418064484,23.28608421540822,21
random_search,3,39,2000,17.51657508881031,21.00224438204394,1.2090710207293491,23.96232255123179,21
random_search,3,40,2050,17.51657508881031,20.91990325531052,0.8782028170939012,22.467491648096548,21
random_search,3,41,2100,17.51657508881031,20.897048022764796,1.0832039220734364,23.109243436828812,21
random_search,3,42,2150,17.51657508881031,20.879243998972065,0.9811451011209179,23.06859590355097,21
random_search,3,43,2200,17.51657508881031,20.938789325756897,1.0539481929902421,23.38608421540822,21
random_search,3,44,2250,17.51657508881031,20.600051192206767,1.047982393905533,23.082207001484488,21
random_search,3,45,2300,17.51657508881031,20.729067649669222,0.9149911117452738,23.05474398665704,21
random_search,3,46,2350,17.51657508881031,20.923308137321783,0.9214683549930784,22.966479394838267,21
random_search,3,47,2400,17.51657508881031,20.916726289114305,1.0604224707956107,23.38608421540822,21
random_search,3,48,2450,17.51657508881031,20.94246415622722,1.0839604987504443,23.37035467668243,21
random_search,3,49,2500,17.51657508881031,20.844996014138474,0.8970289088810665,22.647288270665545,21
random_search,3,50,2550,17.51657508881031,21.02321193199068,1.1372429664746597,22.869870314579494,21
random_search,3,51,2600,17.51657508881031,20.686471594302976,1.0158428582264594,23.598571136907182,21
random_search,3,52,2650,17.51657508881031,20.732125133711847,1.160457489290656,23.390465367951393,21
random_search,3,53,2700,17.51657508881031,20.651738551646158,1.0388415313247827,22.781934729198174,21
random_search,3,54,2750,17.51657508881031,20.748828668020124,0.9790459050011954,23.066060555964672,21
random_search,3,55,2800,17.51657508881031,20.919252188227492,0.9410945794663877,23.79323706252388,21
random_search,3,56,2850,17.51657508881031,20.697405597151445,1.0295532553561462,22.610589071449372,21
random_search,3,57,2900,17.51657508881031,20.800206326793415,1.1043002922686072,23.630495168499706,21
random_search,3,58,2950,17.51657508881031,20.705063496916317,0.9368588640540978,22.467670500619608,21
random_search,3,59,3000,17.51657508881031,20.77063354245732,1.162187704162335,23.503123475609392,21
random_search,3,60,3050,17.51657508881031,20.984942133443816,0.960642438709077,23.623243291566197,21
random_search,3,61,3100,17.51657508881031,20.589620642281652,1.0561457991233931,23.172751070837066,21
random_search,3,62,3150,17.51657508881031,20.687435225652838,1.0730874420433578,22.80805405358401,21
random_search,3,63,3200,17.51657508881031,20.720957110208087,0.9748086558728136,22.63901391331568,21
random_search,3,64,3250,17.51657508881031,20.71914720147428,1.0712150688021067,22.794733192202056,21
random_search,3,65,3300,17.51657508881031,20.754492051058634,0.7376072257493139,22.343024810940587,21
random_search,3,66,3350,17.51657508881031,20.810195824361735,1.0281559007340617,22.637715508089904,21
random_search,3,67,3400,17.51657508881031,20.887289635315447,0.9254025732635603,23.077708763999663,21
random_search,3,68,3450,17.51657508881031,20.70112740565852,1.0161248178988558,23.12574776766556,21
random_search,3,69,3500,17.207106781186546,20.733479504477646,1.0106428324734353,22.54093010681705,21
random_search,3,70,3550,17.207106781186546,20.623443336294578,1.2343348468953317,22.941186241925152,21
random_search,3,71,3600,17.207106781186546,21.00536276433148,1.0353003282439484,23.2,21
random_search,3,72,3650,17.207106781186546,20.847375591149817,0.882156604740263,22.559591794226545,21
random_search,3,73,3700,17.207106781186546,20.76073401923325,1.0163866811709825,23.68072158238645,21
random_search,3,74,3750,17.207106781186546,21.22010861163702,0.9377858235632412,23.089983277545212,21
random_search,3,75,3800,17.207106781186546,21.053464667136364,1.0277476806977601,23.123243291566197,21
random_search,3,76,3850,17.207106781186546,20.65026003770629,1.074134228872689,22.987905815638733,21
random_search,3,77,3900,17.207106781186546,20.89566655887711,0.9244430189276264,23.18072158238645,21
random_search,3,78,3950,17.207106781186546,20.694155078516427,0.899219747100132,22.6310988842807,21
random_search,3,79,4000,17.207106781186546,20.963499832778012,1.046263336740642,23.39192496674806,21
random_search,3,80,4050,17.207106781186546,20.664787987880075,1.0799958791920468,22.758323293158117,21
random_search,3,81,4100,17.207106781186546,20.808361380040356,1.018155535922991,23.183294573433784,21
random_search,3,82,4150,17.207106781186546,20.72647175444719,0.9309996953174221,22.46693988153255,21
random_search,3,83,4200,17.207106781186546,20.64670115388486,0.9588749612543068,23.276575213227446,21
random_search,3,84,4250,17.207106781186546,20.809268058058027,1.0088997604106074,23.36356421265527,21
random_search,3,85,4300,17.207106781186546,20.808081357759033,0.9382068090928647,23.1310988842807,21
random_search,3,86,4350,17.207106781186546,20.964796695882384,1.1579954230806402,23.117935662402836,21
random_search,3,87,4400,17.207106781186546,20.776294284857237,1.1436445333110905,24.2,21
random_search,3,88,4450,17.207106781186546,20.800970710726265,0.9332243496148396,23.193743884534264,21
random_search,3,89,4500,17.207106781186546,20.559036696185107,0.9338460041194252,22.70135110466435,21
random_search,3,90,4550,17.207106781186546,20.847710463921402,0.9512637730582756,22.662277660168378,21
random_search,3,91,4600,17.207106781186546,20.579617302508833,0.9928655519620555,22.707567081708245,21
random_search,3,92,4650,17.207106781186546,20.90131949433593,0.9573780850204268,23.368787265568827,21
random_search,3,93,4700,17.207106781186546,20.990159474115085,1.0244835358319146,22.843024810940587,21
random_search,3,94,4750,17.207106781186546,20.63253633682065,1.1047929467538757,23.17804971641414,21
random_search,3,95,4800,17.207106781186546,20.684777763220897,1.155771550903568,23.346536616149585,21
random_search,3,96,4850,17.207106781186546,20.57494744784123,1.0437014689761464,22.824099870362662,21
random_search,3,97,4900,17.207106781186546,20.79629210729125,0.8740257683100936,22.752776554086893,21
random_search,3,98,4950,17.207106781186546,20.86568371536753,1.0928764360598107,23.119392214170773,21
random_search,3,99,5000,17.207106781186546,20.95948902648329,0.9600416839901944,22.949576240750524,21
random_search,3,100,5050,17.207106781186546,21.024573368962322,0.9813368536986303,22.841653005427766,21
random_search,4,0,50,17.880624847486573,20.6888956653441,0.892887197720398,22.529822128134704,21
random_search,4,1,100,17.880624847486573,20.55681647582591,1.0537684998249182,23.482306905057555,21
random_search,4,2,150,17.880624847486573,20.978845846018725,0.976359436049354,23.377193921634788,21
random_search,4,3,200,17.880624847486573,20.822360014722836,0.9186287999327502,22.276575213227446,21
random_search,4,4,250,17.880624847486573,20.76254108492661,1.077266420187222,23.034192325759246,21
random_search,4,5,300,17.880624847486573,20.816256019937185,1.1654452672359858,23.69523539268061,21
random_search,4,6,350,17.880624847486573,20.906195939397566,1.0480858426230741,22.51058907144937,21
random_search,4,7,400,17.880624847486573,20.819600159974698,1.259548516361903,23.606404996924923,21
random_search,4,8,450,17.880624847486573,20.79208589620586,0.9348347127433579,22.97245829914744,21
random_search,4,9,500,17.880624847486573,20.75406025558602,1.1583318281664314,22.72928563989645,21
random_search,4,10,550,17.880624847486573,20.800291714818076,0.9754686075667557,22.8,21
random_search,4,11,600,17.880624847486573,20.694892884946615,0.9846173786568412,23.522902093797256,21
random_search,4,12,650,17.880624847486573,20.60302115065885,0.8779359749776202,23.04959013639538,21
random_search,4,13,700,17.880624847486573,20.787012107133595,0.9628425878858309,23.108607914449795,21
random_search,4,14,750,17.880624847486573,20.68995275690764,1.0410958570902447,22.73606797749979,21
random_search,4,15,800,17.880624847486573,20.80564375404639,1.0401316044594284,22.55277655408689,21
random_search,4,16,850,17.822497216032183,20.94523359844636,1.1450021714747158,23.40805405358401,21
random_search,4,17,900,17.822497216032183,20.855433425832317,0.9619705248606004,23.400000000000002,21
random_search,4,18,950,17.822497216032183,20.93911757559161,1.0286374476229905,23.194182110716774,21
random_search,4,19,1000,17.822497216032183,21.04888112410195,1.0002407194710197,22.645906043549196,21
random_search,4,20,1050,17.822497216032183,20.93808518857257,1.0238597821617603,22.786335345031,21
random_search,4,21,1100,17.822497216032183,20.63183885375063,0.8906811642423956,22.529822128134704,21
random_search,4,22,1150,17.822497216032183,20.725507105508147,0.8919336576664427,23.567815921162744,21
random_search,4,23,1200,17.822497216032183,20.961057036022805,1.1349186840935346,23.11283361405006,21
random_search,4,24,1250,17.54494897427832,20.681423022227506,1.0491536064494955,23.297057550292603,21
random_search,4,25,1300,17.54494897427832,20.87946554023444,0.8151881668765726,22.434192325759245,21
random_search,4,26,1350,17.54494897427832,20.627226027850934,1.0808085692291078,23.62565782966318,21
random_search,4,27,1400,17.54494897427832,20.856837033833404,0.7713385637395221,22.455946767611902,21
random_search,4,28,1450,17.54494897427832,20.879375318690624,0.9026606299037546,22.776575213227446,21
random_search,4,29,1500,17.54494897427832,21.003986887893593,1.1287625827887757,23.271085446759226,21
random_search,4,30,1550,17.54494897427832,20.893835741584248,0.9967566251210073,22.927038417709678,21
random_search,4,31,1600,17.54494897427832,20.803791164642078,1.0430553320398177,23.293325909419153,21
random_search,4,32,1650,17.54494897427832,20.71414443030231,0.992423157642859,22.679075450674063,21
random_search,4,33,1700,17.54494897427832,20.402345083651632,0.8988193552371345,22.33390796058137,21
random_search,4,34,1750,17.54494897427832,20.68640763525493,0.9959991767507725,23.077708763999663,21
random_search,4,35,1800,17.54494897427832,20.784259968555393,1.0063788289319118,23.527953488110057,21
random_search,4,36,1850,17.54494897427832,20.77478713122561,0.9724984719935948,23.08072158238645,21
random_search,4,37,1900,17.54494897427832,20.753800847257253,1.0197462638213142,23.009447398198283,21
random_search,4,38,1950,17.54494897427832,20.999066541245735,1.1265247387843467,23.66405499221705,21
random_search,4,39,2000,17.54494897427832,20.68642304483938,0.8513336105159346,22.392415526630867,21
random_search,4,40,2050,17.54494897427832,20.960889926118718,1.0427295317133995,23.063705936241092,21
random_search,4,41,2100,17.54494897427832,20.7206188075805,1.121624990026736,22.86154726279432,21
random_search,4,42,2150,17.54494897427832,20.873913377082523,1.0090375113419194,23.36356421265527,21
random_search,4,43,2200,17.54494897427832,20.77999489703002,1.0726284729274973,23.142787793912433,21
random_search,4,44,2250,17.369535971483266,20.58113842690225,1.1453379421009688,22.337211521390785,21
random_search,4,45,2300,17.369535971483266,20.923690181729086,0.9539084392483315,22.41152144312159,21
random_search,4,46,2350,17.369535971483266,21.013032867159847,0.9686485950914714,23.258323293158117,21
random_search,4,47,2400,17.369535971483266,20.74971966337372,0.8822207944617529,22.423243291566195,21
random_search,4,48,2450,17.369535971483266,20.694629158895786,0.896726646473402,22.334057902536163,21
random_search,4,49,2500,17.369535971483266,20.715916802804276,1.1583977841041173,23.440063693621518,21
random_search,4,50,2550,17.369535971483266,20.857620731162847,1.0863526778031456,23.06767050061961,21
random_search,4,51,2600,17.369535971483266,20.70943885744868,1.1142724221597742,23.276575213227446,21
random_search,4,52,2650,17.369535971483266,20.911319795768936,1.0893937581024296,23.51058907144937,21
random_search,4,53,2700,17.369535971483266,20.778975213895166,0.9971534505905486,22.752610922848042,21
random_search,4,54,2750,17.369535971483266,20.800782218429,1.0277042179227565,23.441186241925152,21
random_search,4,55,2800,17.369535971483266,20.89292798836751,1.205167484958242,23.237663853655725,21
random_search,4,56,2850,17.369535971483266,20.677597478998578,0.9276454937348001,22.816624790355398,21
random_search,4,57,2900,17.369535971483266,20.671850664415544,1.0659371122543873,22.954626986542657,21
random_search,4,58,2950,17.369535971483266,20.588597886253115,1.0503438728092844,23.229872518944557,21
random_search,4,59,3000,17.369535971483266,20.518637639850798,1.2347406679846702,23.417800560721076,21
random_search,4,60,3050,17.369535971483266,20.950054354061265,0.979175930694382,22.485677655436824,21
random_search,4,61,3100,17.369535971483266,20.642187537233234,1.0869042661328676,23.099999999999998,21
random_search,4,62,3150,17.369535971483266,20.96039475489754,1.0077141219972612,22.87035467668243,21
random_search,4,63,3200,17.369535971483266,20.502421935709368,0.893348258528287,22.080243893371346,21
random_search,4,64,3250,17.369535971483266,20.547462582525284,0.9591218954396089,22.63901391331568,21
random_search,4,65,3300,17.369535971483266,20.84814212189833,0.9425760121260218,22.91547594742265,21
random_search,4,66,3350,17.369535971483266,20.78833160605419,0.9002358940956502,22.809243436828815,21
random_search,4,67,3400,17.369535971483266,20.898797004719444,1.0787144091204437,23.697221149720992,21
random_search,4,68,3450,17.369535971483266,20.740032004216122,0.9818105583719299,23.011094017053555,21
random_search,4,69,3500,17.369535971483266,20.955021877977273,0.8763285809924682,22.57402157263998,21
random_search,4,70,3550,17.369535971483266,20.634807104405414,1.1494306916968797,23.207567081708245,21
random_search,4,71,3600,17.369535971483266,20.87377152919623,1.121539511195882,22.75306852353742,21
random_search,4,72,3650,17.369535971483266,20.618770276715395,1.0495861429770519,22.552396473549933,21
random_search,4,73,3700,17.369535971483266,20.821702734108353,0.9596857304015765,23.08526217596215,21
random_search,4,74,3750,17.369535971483266,20.937268944157157,0.9692141722668006,23.282306905057553,21
random_search,4,75,3800,17.369535971483266,20.812996811958307,1.0066253998638435,22.66405499221705,21
random_search,4,76,3850,17.369535971483266,20.77027577815331,1.0225096293535918,22.37571129984594,21
random_search,4,77,3900,17.369535971483266,20.782504674050426,0.9494967023576549,22.62763633939717,21
random_search,4,78,3950,17.369535971483266,20.904290256577948,1.045664341630354,23.091656999213594,21
random_search,4,79,4000,17.369535971483266,20.79304644933892,0.9836024310459734,23.022327839240493,21
random_search,4,80,4050,17.369535971483266,20.978314202452594,1.050916670399312,22.75306852353742,21
random_search,4,81,4100,17.30990195135928,20.77008397300743,0.9583593648821467,22.815587038162708,21
random_search,4,82,4150,17.30990195135928,20.644339416730688,0.7997074106441227,22.7,21
random_search,4,83,4200,17.30990195135928,20.79127411996246,0.8719517611897779,22.521363372331802,21
random_search,4,84,4250,17.30990195135928,20.945957029999768,0.9549700341923207,22.77211421989835,21
random_search,4,85,4300,17.30990195135928,20.85958448650325,0.9887670120543091,22.935112807463533,21
random_search,4,86,4350,17.30990195135928,21.01110918534225,0.8762652018144784,23.08433666561813,21
random_search,4,87,4400,17.30990195135928,21.047744512691406,0.9169308347092197,23.278143885933062,21
random_search,4,88,4450,17.30990195135928,20.994158595954943,1.1979113697012764,22.859411708155672,21
random_search,4,89,4500,17.30990195135928,20.947556545146984,0.9485922915606281,23.412833614050058,21
random_search,4,90,4550,17.30990195135928,20.819663370082395,0.8713747198675627,22.91386219991853,21
random_search,4,91,4600,17.30990195135928,20.828894303618004,0.8589770596505536,22.242787793912434,21
random_search,4,92,4650,17.30990195135928,21.02955614099583,0.8707326518892947,23.004834939252003,21
random_search,4,93,4700,17.30990195135928,20.79935005348165,1.1007724778921746,23.6310988842807,21
random_search,4,94,4750,17.30990195135928,20.712768095261254,0.8806658738123205,23.27488738510232,21
random_search,4,95,4800,17.30990195135928,20.574766830119728,1.0166885332088014,23.07402157263998,21
random_search,4,96,4850,17.30990195135928,20.705543688929183,0.7756664600505658,22.356349099818896,21
random_search,4,97,4900,17.30990195135928,20.652275813546403,1.1817154004142418,23.035533905932738,21
random_search,4,98,4950,17.30990195135928,20.822273840864604,0.993325852422016,22.756809750418043,21
random_search,4,99,5000,17.30990195135928,21.00460208100815,1.0640753157274474,23.48328677803526,21
random_search,4,100,5050,17.30990195135928,20.49098855914774,1.1337043678189571,23.040658617698014,21
